Id;Survey_finish_time;Severity_1;Severity_2;Severity_3;Reactance_1;Reactance_2;Reactance_3;Reactance_4;Reactance_5;Reactance_6;Reactance_7;Reactance_8;Reactance_9;Reactance_10;Reactance_11;Attitude_1;Attitude_2;Attitude_3;Social_norms_1;Social_norms_2;Social_norms_3;Moral_norms_1;Moral_norms_2;Moral_norms_3;Beh_control_1;Beh_control_2;Beh_control_3;Beh_control_4;Intention_1;Intention_2;Intention_3;Residence;Education;Sex;Years_old;Age;Self_sick;Know;Know_recode;Reactance;Severity;Attitude;Beh_Control;Social_norms;Moral_norms;Intention
192;903;7;6;5;3;4;3;3;5;3;4;3;4;4;3;7;6;7;6;7;7;7;7;7;7;6;6;4;6;6;7;4;4;0;63;6;2;2;0;354,545,454,545,455;6;666,666,666,666,667;5,75;666,666,666,666,667;7;633,333,333,333,333
19;461;7;6;6;4;4;4;4;3;5;5;4;4;5;4;5;4;4;3;3;3;4;4;4;4;4;4;4;5;4;4;5;4;0;55;5;2;2;0;418,181,818,181,818;633,333,333,333,333;433,333,333,333,333;4;3;4;433,333,333,333,333
216;398;5;5;5;4;2;2;3;6;5;6;2;4;6;4;7;1;1;4;4;4;6;7;6;3;7;4;4;7;7;7;3;4;0;57;5;2;2;0;4;5;3;4,5;4;633,333,333,333,333;7
301;346;7;7;7;7;4;4;4;4;4;4;4;4;4;4;3;4;3;4;6;5;5;6;5;5;6;4;5;4;1;1;1;2;0;44;4;2;2;0;427,272,727,272,727;7;333,333,333,333,333;5;5;533,333,333,333,333;2
8;327;4;4;4;4;4;4;4;4;4;4;4;4;4;4;4;4;4;4;4;4;4;4;4;4;4;4;4;4;4;4;2;5;0;44;4;2;2;0;4;4;4;4;4;4;4
112;268;4;4;4;4;4;4;4;4;4;4;4;4;4;4;4;4;4;4;4;4;4;4;4;4;4;4;4;4;4;4;1;6;0;30;2;2;2;0;4;4;4;4;4;4;4
278;1022;5;6;6;3;3;3;4;4;4;4;3;4;4;3;4;5;4;4;5;4;3;2;4;1;6;2;3;5;3;4;1;1;1;45;4;2;2;0;354,545,454,545,455;566,666,666,666,667;433,333,333,333,333;3;433,333,333,333,333;3;4
50;872;4;4;4;4;4;4;4;4;4;4;4;4;4;4;4;4;4;4;4;4;4;4;4;4;4;4;4;4;4;4;4;3;1;38;3;2;2;0;4;4;4;4;4;4;4
356;774;7;7;7;1;4;4;3;3;4;3;2;4;4;3;7;7;7;5;5;5;7;7;7;7;7;7;7;7;7;7;5;3;1;63;6;2;2;0;318,181,818,181,818;7;7;7;5;7;7
41;767;6;7;7;4;5;4;3;7;6;6;4;5;5;6;6;6;5;2;4;3;6;5;7;7;7;5;7;7;6;6;3;4;1;43;4;2;2;0;5;666,666,666,666,667;566,666,666,666,667;6,5;3;6;633,333,333,333,333
298;473;5;5;5;3;3;3;4;5;5;5;3;4;4;4;7;7;7;5;5;5;5;5;5;5;6;6;6;6;6;6;1;3;1;51;5;2;2;0;390,909,090,909,091;5;7;5,75;5;5;6
365;414;5;5;5;5;3;3;3;4;4;5;4;5;4;4;4;4;4;4;4;4;3;1;3;2;6;3;7;5;5;5;1;6;1;33;3;2;2;0;4;5;4;4,5;4;233,333,333,333,333;5
225;368;7;6;6;5;5;5;5;6;6;7;7;6;6;5;5;6;5;5;6;5;7;6;6;5;6;5;6;5;5;6;4;5;1;64;6;2;2;0;572,727,272,727,273;633,333,333,333,333;533,333,333,333,333;5,5;533,333,333,333,333;633,333,333,333,333;533,333,333,333,333
208;318;4;4;4;4;4;4;4;4;4;4;4;4;4;4;4;4;3;4;4;4;4;4;4;4;4;4;4;4;4;4;2;4;1;43;4;2;2;0;4;4;366,666,666,666,667;4;4;4;4
169;305;3;4;4;4;4;4;4;4;4;4;4;4;4;4;4;4;4;4;4;4;4;4;4;4;4;4;4;4;4;4;1;6;1;23;2;2;2;0;4;366,666,666,666,667;4;4;4;4;4
56;293;4;4;4;4;4;4;4;4;4;4;4;4;4;4;5;5;5;4;4;4;4;4;4;4;4;4;4;4;4;4;3;3;1;43;4;2;2;0;4;4;5;4;4;4;4
338;288;4;4;4;4;4;4;4;4;4;4;4;4;4;4;4;4;4;4;4;4;4;4;4;4;4;4;4;4;4;4;4;6;1;27;2;2;2;0;4;4;4;4;4;4;4
306;278;4;4;4;4;4;4;4;4;4;4;4;4;4;4;4;4;4;4;4;4;4;4;4;4;4;4;4;4;4;4;1;6;1;45;4;2;2;0;4;4;4;4;4;4;4
62;277;4;4;4;4;4;4;4;4;4;4;4;4;4;4;4;4;4;4;4;4;4;4;4;4;4;4;4;4;4;4;1;4;1;61;6;2;2;0;4;4;4;4;4;4;4
382;226;4;4;4;4;4;4;4;4;4;4;4;4;4;4;1;1;1;4;4;4;4;4;4;4;4;4;4;4;4;4;1;5;1;43;4;2;2;0;4;4;1;4;4;4;4
124;3574;6;6;5;4;3;2;3;7;6;7;3;4;6;4;5;5;4;4;5;3;5;5;5;4;5;4;4;6;4;5;3;6;0;35;3;2;2;0;445,454,545,454,545;566,666,666,666,667;466,666,666,666,667;4,25;4;5;5
252;1186;5;6;6;4;4;3;4;5;4;6;3;4;4;4;3;3;4;3;3;3;4;4;4;5;7;4;7;3;2;2;4;3;0;34;3;2;2;0;409,090,909,090,909;566,666,666,666,667;333,333,333,333,333;5,75;3;4;233,333,333,333,333
475;830;4;4;3;5;4;3;4;5;5;6;4;3;5;5;2;2;3;4;3;3;3;3;3;5;6;5;3;3;3;3;4;5;0;26;2;2;2;0;445,454,545,454,545;366,666,666,666,667;233,333,333,333,333;4,75;333,333,333,333,333;3;3
574;790;6;6;6;7;6;6;4;7;7;7;6;7;4;5;1;1;1;1;2;2;1;1;1;7;7;5;7;1;1;1;4;6;0;35;3;2;2;0;6;6;1;6,5;166,666,666,666,667;1;1
102;689;7;7;7;6;4;2;5;6;6;6;3;5;6;5;7;7;7;7;7;7;7;7;7;7;7;3;4;7;7;7;1;6;0;65;6;2;2;0;490,909,090,909,091;7;7;5,25;7;7;7
159;532;7;7;7;5;4;5;4;5;5;5;4;5;4;5;7;7;7;6;6;6;6;6;6;7;7;7;7;6;6;6;5;6;0;38;3;2;2;0;463,636,363,636,364;7;7;7;6;6;6
40;311;7;7;7;4;4;4;4;4;4;4;4;4;4;4;4;4;4;4;4;4;4;4;4;4;4;4;4;4;4;4;3;3;0;44;4;2;2;0;4;7;4;4;4;4;4
239;1073;6;6;6;4;4;4;2;6;6;6;2;5;4;3;5;4;4;5;5;4;6;4;6;6;7;6;4;5;6;5;1;6;1;63;6;2;2;0;418,181,818,181,818;6;433,333,333,333,333;5,75;466,666,666,666,667;533,333,333,333,333;533,333,333,333,333
221;993;5;5;4;4;4;2;2;2;2;5;4;2;2;2;1;1;1;1;1;1;4;1;1;1;1;1;1;1;1;1;1;2;1;54;5;2;2;0;281,818,181,818,182;466,666,666,666,667;1;1;1;2;1
380;810;4;5;5;4;3;3;3;5;4;5;3;4;4;4;2;3;2;4;4;3;2;1;2;4;7;3;1;3;2;1;1;3;1;57;5;2;2;0;381,818,181,818,182;466,666,666,666,667;233,333,333,333,333;3,75;366,666,666,666,667;166,666,666,666,667;2
560;734;5;5;5;6;4;3;5;5;6;6;4;5;7;4;6;4;4;5;5;4;5;4;5;5;6;6;3;4;5;5;2;2;1;58;5;2;2;0;5;5;466,666,666,666,667;5;466,666,666,666,667;466,666,666,666,667;466,666,666,666,667
432;618;1;2;2;6;6;4;6;6;6;7;4;7;7;5;1;1;1;1;1;1;1;1;1;1;7;1;7;1;1;1;1;3;1;41;4;2;2;0;581,818,181,818,182;166,666,666,666,667;1;4;1;1;1
416;605;4;3;3;5;5;6;5;5;4;6;4;6;5;5;1;1;1;2;3;2;4;1;2;6;6;5;2;4;4;2;2;2;1;61;6;2;2;0;509,090,909,090,909;333,333,333,333,333;1;4,75;233,333,333,333,333;233,333,333,333,333;333,333,333,333,333
405;434;5;6;6;4;3;2;3;4;5;4;3;3;5;4;5;4;4;4;4;4;2;4;3;2;5;1;2;4;4;2;1;1;1;33;3;2;2;0;363,636,363,636,364;566,666,666,666,667;433,333,333,333,333;2,5;4;3;333,333,333,333,333
387;329;7;7;7;4;4;4;5;6;7;6;4;6;7;4;7;7;7;7;7;7;7;7;7;7;6;3;4;7;7;7;1;6;1;66;7;2;2;0;518,181,818,181,818;7;7;5;7;7;7
540;319;4;4;4;5;4;5;5;5;5;5;5;5;5;4;1;1;1;1;1;1;1;1;1;5;5;4;4;1;1;1;1;3;1;37;3;2;2;0;481,818,181,818,182;4;1;4,5;1;1;1
547;294;7;7;5;4;4;4;4;6;6;7;3;4;5;4;5;3;4;5;5;4;4;4;5;5;7;4;4;5;4;4;4;5;1;22;2;2;2;0;463,636,363,636,364;633,333,333,333,333;4;5;466,666,666,666,667;433,333,333,333,333;433,333,333,333,333
44;265;7;6;6;6;7;6;6;5;5;5;4;4;4;6;7;7;6;6;6;5;6;6;6;6;5;6;5;5;6;6;5;5;1;34;3;2;2;0;527,272,727,272,727;633,333,333,333,333;666,666,666,666,667;5,5;566,666,666,666,667;6;566,666,666,666,667
181;213;4;4;4;4;4;4;4;4;4;4;4;4;4;4;4;4;4;4;4;4;4;4;4;4;4;4;4;4;4;4;4;2;1;50;4;2;2;0;4;4;4;4;4;4;4
401;7234;5;4;5;2;2;2;4;5;4;3;3;4;4;3;6;6;4;4;4;4;5;5;5;7;7;4;7;7;5;5;5;5;0;63;6;2;1;1;327,272,727,272,727;466,666,666,666,667;533,333,333,333,333;6,25;4;5;566,666,666,666,667
479;5495;5;5;5;4;4;3;4;5;5;5;3;5;5;4;5;5;5;4;4;4;4;4;4;4;4;5;5;5;5;5;1;6;0;46;4;2;1;1;427,272,727,272,727;5;5;4,5;4;4;5
582;3806;5;4;5;5;5;1;3;5;5;5;3;3;5;3;4;4;3;3;3;3;3;2;2;3;6;1;1;3;2;2;3;3;0;18;2;2;1;1;390,909,090,909,091;466,666,666,666,667;366,666,666,666,667;2,75;3;233,333,333,333,333;233,333,333,333,333
137;3314;6;6;6;3;4;3;3;4;3;4;3;4;4;5;5;5;4;4;4;4;4;3;4;3;6;3;4;4;3;3;4;6;0;44;4;2;1;1;363,636,363,636,364;6;466,666,666,666,667;4;4;366,666,666,666,667;333,333,333,333,333
69;2875;5;6;5;5;4;5;3;6;5;6;4;5;5;4;4;4;4;4;4;4;4;4;4;4;4;4;4;4;4;4;4;3;0;57;5;2;1;1;472,727,272,727,273;533,333,333,333,333;4;4;4;4;4
206;1921;7;7;7;1;1;2;4;6;6;4;2;5;5;4;7;7;7;4;3;7;7;7;7;7;7;7;7;7;7;7;2;2;0;70;7;2;1;1;363,636,363,636,364;7;7;7;466,666,666,666,667;7;7
398;1682;5;4;4;5;4;3;4;5;5;6;4;5;7;6;1;1;1;1;1;1;1;1;1;1;7;1;7;1;1;1;1;6;0;35;3;2;1;1;490,909,090,909,091;433,333,333,333,333;1;4;1;1;1
325;1427;6;4;4;5;4;3;3;7;7;5;3;5;4;4;4;5;4;4;4;4;4;4;4;2;7;1;3;1;1;3;4;3;0;47;4;2;1;1;454,545,454,545,455;466,666,666,666,667;433,333,333,333,333;3,25;4;4;166,666,666,666,667
328;1192;6;5;4;4;4;4;6;7;5;6;4;6;6;4;3;5;3;4;4;4;3;3;3;3;3;3;4;4;3;2;1;6;0;34;3;2;1;1;509,090,909,090,909;5;366,666,666,666,667;3,25;4;3;3
319;1113;7;7;7;4;4;3;3;6;4;6;4;4;4;4;4;4;4;3;5;3;4;3;4;5;7;5;2;3;3;2;1;6;0;36;3;2;1;1;418,181,818,181,818;7;4;4,75;366,666,666,666,667;366,666,666,666,667;266,666,666,666,667
428;1093;5;6;6;3;3;3;3;5;6;6;4;5;5;4;7;7;7;4;5;4;5;4;6;6;6;4;4;7;4;4;1;3;0;56;5;2;1;1;427,272,727,272,727;566,666,666,666,667;7;5;433,333,333,333,333;5;5
163;1036;7;7;7;4;3;2;4;5;6;4;3;4;4;2;6;6;6;6;6;6;6;6;6;6;4;6;6;6;6;6;3;5;0;63;6;2;1;1;372,727,272,727,273;7;6;5,5;6;6;6
450;957;3;3;4;6;4;3;4;6;6;6;4;4;4;4;2;2;3;2;3;3;2;2;3;4;5;3;3;4;2;2;2;3;0;33;3;2;1;1;463,636,363,636,364;333,333,333,333,333;233,333,333,333,333;3,75;266,666,666,666,667;233,333,333,333,333;266,666,666,666,667
465;949;5;4;4;5;4;4;3;5;6;7;4;5;6;5;6;5;5;6;6;6;5;6;6;5;6;5;4;5;5;5;1;5;0;24;2;2;1;1;490,909,090,909,091;433,333,333,333,333;533,333,333,333,333;5;6;566,666,666,666,667;5
83;860;6;6;6;5;3;3;3;5;5;5;4;4;5;4;1;1;1;2;2;2;2;2;2;4;6;2;2;2;2;2;1;4;0;40;3;2;1;1;418,181,818,181,818;6;1;3,5;2;2;2
564;849;7;4;5;4;3;3;2;6;6;6;2;6;3;5;4;3;5;3;3;3;3;3;3;5;7;4;2;4;4;3;1;4;0;64;6;2;1;1;418,181,818,181,818;533,333,333,333,333;4;4,5;3;3;366,666,666,666,667
121;830;2;4;4;4;2;3;4;6;6;7;4;6;7;4;1;1;1;1;1;1;4;1;1;1;7;1;1;1;1;1;3;4;0;60;5;2;1;1;481,818,181,818,182;333,333,333,333,333;1;2,5;1;2;1
369;737;3;3;3;4;3;2;2;5;3;4;4;3;5;3;2;2;2;2;4;4;2;1;2;1;7;1;7;1;1;1;4;4;0;22;2;2;1;1;345,454,545,454,545;3;2;4;333,333,333,333,333;166,666,666,666,667;1
283;705;4;4;4;4;4;4;4;4;4;4;4;4;4;4;3;2;5;4;4;4;4;4;4;4;4;4;4;4;4;4;3;3;0;44;4;2;1;1;4;4;333,333,333,333,333;4;4;4;4
89;654;4;4;4;5;4;4;3;6;4;6;4;5;7;4;4;4;3;2;2;2;2;1;2;4;7;4;4;2;1;1;4;3;0;44;4;2;1;1;472,727,272,727,273;4;366,666,666,666,667;4,75;2;166,666,666,666,667;133,333,333,333,333
505;631;4;5;5;5;3;3;3;4;4;4;3;3;4;4;4;4;4;4;4;4;3;3;3;5;6;3;6;5;4;4;3;6;0;29;2;2;1;1;363,636,363,636,364;466,666,666,666,667;4;5;4;3;433,333,333,333,333
501;629;7;7;7;3;3;3;3;5;6;6;3;6;6;6;7;5;7;5;5;5;6;6;6;6;6;5;7;6;6;6;2;6;0;61;6;2;1;1;454,545,454,545,455;7;633,333,333,333,333;6;5;6;6
591;619;3;3;3;4;4;3;4;5;5;5;4;5;6;4;2;2;1;2;2;2;2;2;2;6;7;4;7;2;2;2;1;3;0;44;4;2;1;1;445,454,545,454,545;3;166,666,666,666,667;6;2;2;2
588;600;6;5;3;3;4;3;4;6;5;5;4;4;7;4;6;3;2;4;5;4;4;5;5;4;6;4;4;5;5;5;3;5;0;25;2;2;1;1;445,454,545,454,545;466,666,666,666,667;366,666,666,666,667;4,5;433,333,333,333,333;466,666,666,666,667;5
558;591;5;3;5;5;5;5;3;5;5;5;5;5;5;5;4;4;4;4;3;3;4;4;4;5;5;6;5;4;4;4;1;4;0;57;5;2;1;1;481,818,181,818,182;433,333,333,333,333;4;5,25;333,333,333,333,333;4;4
42;576;4;5;4;4;2;2;4;5;4;5;3;4;5;4;3;3;3;3;3;2;2;2;2;2;5;1;1;2;1;1;4;5;0;39;3;2;1;1;381,818,181,818,182;433,333,333,333,333;3;2,25;266,666,666,666,667;2;133,333,333,333,333
237;547;7;7;6;2;3;2;1;2;6;4;2;5;6;3;5;5;4;3;4;4;5;4;4;7;7;7;5;4;4;4;3;2;0;63;6;2;1;1;327,272,727,272,727;666,666,666,666,667;466,666,666,666,667;6,5;366,666,666,666,667;433,333,333,333,333;4
473;543;5;5;5;4;4;3;3;5;5;5;3;5;4;4;3;3;3;3;3;3;2;1;3;4;6;1;6;2;2;2;1;3;0;26;2;2;1;1;409,090,909,090,909;5;3;4,25;3;2;2
243;534;6;6;6;4;3;3;4;4;4;5;4;5;6;5;6;5;4;5;5;5;5;4;5;4;5;5;5;5;4;4;4;3;0;44;4;2;1;1;427,272,727,272,727;6;5;4,75;5;466,666,666,666,667;433,333,333,333,333
138;524;4;5;5;4;4;2;4;4;4;5;3;4;5;4;4;4;4;4;3;3;4;4;4;4;5;4;4;4;4;4;1;5;0;24;2;2;1;1;390,909,090,909,091;466,666,666,666,667;4;4,25;333,333,333,333,333;4;4
262;518;6;6;6;5;3;2;4;4;4;4;4;3;2;4;5;4;4;4;4;4;4;5;4;4;6;4;4;5;4;4;4;2;0;51;5;2;1;1;354,545,454,545,455;6;433,333,333,333,333;4,5;4;433,333,333,333,333;433,333,333,333,333
27;516;1;2;2;7;4;4;4;7;7;7;4;7;7;7;1;1;1;4;4;4;1;1;1;4;7;4;4;1;1;1;4;5;0;36;3;2;1;1;590,909,090,909,091;166,666,666,666,667;1;4,75;4;1;1
260;511;4;1;1;4;3;3;3;5;5;5;4;4;6;5;2;2;4;2;2;2;2;1;2;5;7;4;7;1;2;1;1;6;0;29;2;2;1;1;427,272,727,272,727;2;266,666,666,666,667;5,75;2;166,666,666,666,667;133,333,333,333,333
324;505;6;6;6;6;4;4;4;4;4;4;4;5;5;5;5;4;4;4;4;4;4;4;4;4;7;3;3;4;4;4;1;4;0;26;2;2;1;1;445,454,545,454,545;6;433,333,333,333,333;4,25;4;4;4
545;504;6;4;4;4;4;3;4;5;5;5;4;5;5;5;6;6;6;4;4;4;5;5;6;5;5;4;4;4;4;5;5;5;0;29;2;2;1;1;445,454,545,454,545;466,666,666,666,667;6;4,5;4;533,333,333,333,333;433,333,333,333,333
392;497;5;5;5;6;4;5;4;7;7;7;4;5;5;4;6;6;6;5;5;5;6;6;6;6;6;5;5;6;6;6;2;6;0;64;6;2;1;1;527,272,727,272,727;5;6;5,5;5;6;6
333;474;6;5;5;4;5;4;3;5;5;5;5;5;5;5;4;4;3;4;4;4;4;3;4;4;5;4;4;5;3;3;5;4;0;46;4;2;1;1;463,636,363,636,364;533,333,333,333,333;366,666,666,666,667;4,25;4;366,666,666,666,667;366,666,666,666,667
534;466;5;5;5;5;3;3;4;5;5;5;4;5;5;3;4;4;3;3;3;4;5;3;4;5;5;3;3;3;3;3;1;3;0;42;4;2;1;1;427,272,727,272,727;5;366,666,666,666,667;4;333,333,333,333,333;4;3
109;464;5;5;5;5;4;4;4;5;5;5;5;5;5;5;4;4;4;4;4;4;4;4;4;4;4;4;4;4;4;4;1;6;0;34;3;2;1;1;472,727,272,727,273;5;4;4;4;4;4
393;464;7;7;6;2;5;5;1;3;5;6;2;2;3;3;7;7;7;5;5;5;5;6;6;6;7;6;7;6;6;6;5;5;0;26;2;2;1;1;336,363,636,363,636;666,666,666,666,667;7;6,5;5;566,666,666,666,667;6
469;459;5;4;4;6;2;2;6;6;6;6;4;6;6;6;3;1;1;1;1;1;1;1;1;1;7;1;7;2;2;1;1;6;0;61;6;2;1;1;509,090,909,090,909;433,333,333,333,333;166,666,666,666,667;4;1;1;166,666,666,666,667
231;448;7;6;6;5;4;5;3;3;6;6;5;4;5;5;5;5;4;4;4;4;4;4;4;3;6;5;5;5;4;4;3;3;0;26;2;2;1;1;463,636,363,636,364;633,333,333,333,333;466,666,666,666,667;4,75;4;4;433,333,333,333,333
127;438;4;4;4;3;1;1;4;4;5;7;1;7;6;1;1;1;1;4;4;4;1;1;1;7;7;7;7;1;1;1;4;6;0;44;4;2;1;1;363,636,363,636,364;4;1;7;4;1;1
512;432;4;5;5;4;4;5;5;5;5;6;5;6;7;6;1;1;1;1;1;1;1;1;1;1;7;1;7;1;1;1;3;3;0;18;2;2;1;1;527,272,727,272,727;466,666,666,666,667;1;4;1;1;1
489;431;4;4;5;5;4;3;4;6;6;7;3;5;7;4;4;4;4;4;3;3;4;2;4;4;6;4;4;5;3;3;1;6;0;29;2;2;1;1;490,909,090,909,091;433,333,333,333,333;4;4,5;333,333,333,333,333;333,333,333,333,333;366,666,666,666,667
270;409;6;4;4;5;3;2;2;6;6;7;1;6;6;1;4;4;4;3;3;3;3;2;2;5;7;7;7;1;1;1;1;6;0;43;4;2;1;1;409,090,909,090,909;466,666,666,666,667;4;6,5;3;233,333,333,333,333;1
482;394;5;4;5;6;4;4;2;5;6;7;3;5;5;5;5;5;4;6;6;6;5;4;5;6;6;4;5;5;5;6;5;3;0;20;2;2;1;1;472,727,272,727,273;466,666,666,666,667;466,666,666,666,667;5,25;6;466,666,666,666,667;533,333,333,333,333
238;364;7;5;5;4;4;4;4;4;5;4;4;4;4;4;4;3;4;4;4;4;3;3;3;3;6;4;5;4;3;3;2;6;0;55;5;2;1;1;409,090,909,090,909;566,666,666,666,667;366,666,666,666,667;4,5;4;3;333,333,333,333,333
351;353;7;7;7;2;5;5;3;5;7;7;4;7;7;7;6;4;5;5;5;5;7;5;6;4;1;4;4;7;7;7;3;6;0;42;4;2;1;1;536,363,636,363,636;7;5;3,25;5;6;7
235;352;6;7;6;6;6;6;7;7;7;7;7;7;7;7;1;1;1;1;1;1;1;1;1;1;7;1;1;1;1;1;5;6;0;52;5;2;1;1;672,727,272,727,273;633,333,333,333,333;1;2,5;1;1;1
177;346;6;6;6;6;6;6;6;6;6;6;6;6;6;6;5;5;4;4;4;5;4;4;5;5;4;4;4;4;4;5;4;6;0;36;3;2;1;1;6;6;466,666,666,666,667;4,25;433,333,333,333,333;433,333,333,333,333;433,333,333,333,333
85;330;6;6;6;5;3;4;4;5;5;5;4;6;5;4;3;3;3;3;3;3;3;3;3;5;5;4;3;3;3;3;3;6;0;33;3;2;1;1;454,545,454,545,455;6;3;4,25;3;3;3
513;329;6;7;5;2;4;2;2;2;5;5;5;6;6;5;7;4;6;5;5;5;6;6;6;3;6;5;5;6;6;6;4;3;0;19;2;2;1;1;4;6;566,666,666,666,667;4,75;5;6;6
360;328;6;7;6;5;5;5;4;7;6;7;5;5;5;5;7;6;6;6;7;7;7;7;6;7;7;7;7;6;6;6;1;6;0;30;2;2;1;1;536,363,636,363,636;633,333,333,333,333;633,333,333,333,333;7;666,666,666,666,667;666,666,666,666,667;6
200;315;6;5;7;2;3;1;4;5;4;5;2;5;4;4;6;6;5;6;5;6;5;5;5;5;6;5;6;6;4;4;1;6;0;29;2;2;1;1;354,545,454,545,455;6;566,666,666,666,667;5,5;566,666,666,666,667;5;466,666,666,666,667
187;298;7;7;7;5;1;1;3;6;4;6;2;4;6;3;1;1;3;1;1;1;1;1;1;1;7;1;1;1;1;1;3;6;0;25;2;2;1;1;372,727,272,727,273;7;166,666,666,666,667;2,5;1;1;1
32;295;5;5;5;5;4;3;3;6;6;7;4;4;7;5;1;1;3;1;1;1;1;1;1;1;7;1;7;1;1;1;2;6;0;28;2;2;1;1;490,909,090,909,091;5;166,666,666,666,667;4;1;1;1
507;269;4;3;5;5;5;4;5;5;4;5;4;6;5;5;4;4;4;5;5;4;5;4;5;5;4;4;4;4;5;4;4;3;0;25;2;2;1;1;481,818,181,818,182;4;4;4,25;466,666,666,666,667;466,666,666,666,667;433,333,333,333,333
297;247;4;4;4;4;4;4;4;4;4;4;4;4;4;4;4;4;4;4;4;4;4;4;4;4;4;4;4;4;4;4;1;4;0;22;2;2;1;1;4;4;4;4;4;4;4
101;236;5;5;5;5;4;5;4;5;5;5;5;5;4;5;3;4;4;4;4;4;5;4;4;4;6;4;3;4;4;4;1;6;0;45;4;2;1;1;472,727,272,727,273;5;366,666,666,666,667;4,25;4;433,333,333,333,333;4
75;226;5;4;4;3;3;3;4;5;5;5;4;5;5;4;4;4;4;3;5;4;3;3;3;3;7;4;5;4;3;3;3;6;0;57;5;2;1;1;418,181,818,181,818;433,333,333,333,333;4;4,75;4;3;333,333,333,333,333
497;215;6;5;5;4;4;4;4;4;4;4;4;4;4;4;4;4;4;4;4;4;4;4;4;6;3;5;5;4;4;5;2;3;0;27;2;2;1;1;4;533,333,333,333,333;4;4,75;4;4;433,333,333,333,333
423;3949;6;6;7;4;4;3;3;5;5;6;3;4;4;4;7;6;6;6;6;6;7;5;6;6;5;5;4;7;7;7;1;4;1;44;4;2;1;1;409,090,909,090,909;633,333,333,333,333;633,333,333,333,333;5;6;6;7
318;3195;6;6;6;4;3;2;4;5;5;5;5;5;4;4;4;4;4;4;4;4;4;3;4;4;4;4;4;4;4;4;1;3;1;39;3;2;1;1;418,181,818,181,818;6;4;4;4;366,666,666,666,667;4
5;3190;4;4;4;4;4;4;5;6;4;6;4;5;6;4;5;5;5;4;4;4;4;4;4;4;7;4;4;4;4;4;3;3;1;64;6;2;1;1;472,727,272,727,273;4;5;4,75;4;4;4
257;2735;7;5;5;4;4;3;3;5;5;5;3;5;4;4;5;5;5;5;5;5;5;5;5;5;5;5;4;5;5;5;5;6;1;40;3;2;1;1;409,090,909,090,909;566,666,666,666,667;5;4,75;5;5;5
458;2491;7;7;7;5;5;4;3;6;7;4;4;5;6;5;6;5;5;6;6;6;4;5;6;5;6;5;4;5;5;5;1;6;1;56;5;2;1;1;490,909,090,909,091;7;533,333,333,333,333;5;6;5;5
22;2382;6;5;4;3;3;2;5;3;6;5;3;4;4;3;4;2;4;2;2;2;2;2;2;4;7;3;7;2;2;2;5;6;1;38;3;2;1;1;372,727,272,727,273;5;333,333,333,333,333;5,25;2;2;2
417;2157;7;5;5;4;5;4;5;6;6;7;7;7;7;7;5;5;4;4;4;4;5;5;4;3;7;4;1;5;5;5;1;3;1;60;5;2;1;1;590,909,090,909,091;566,666,666,666,667;466,666,666,666,667;3,75;4;466,666,666,666,667;5
173;1861;7;7;7;4;4;2;2;5;7;5;2;7;4;4;7;7;7;7;7;7;7;7;7;7;7;7;7;7;7;7;5;6;1;40;3;2;1;1;418,181,818,181,818;7;7;7;7;7;7
535;1371;3;4;4;4;1;3;3;5;6;6;4;4;4;3;3;4;4;4;4;5;3;2;4;4;6;2;3;3;2;2;4;6;1;27;2;2;1;1;390,909,090,909,091;366,666,666,666,667;366,666,666,666,667;3,75;433,333,333,333,333;3;233,333,333,333,333
445;1338;3;5;7;6;5;5;5;7;6;7;4;7;7;4;2;2;1;2;3;3;2;2;2;1;7;1;7;1;1;1;2;3;1;45;4;2;1;1;572,727,272,727,273;5;166,666,666,666,667;4;266,666,666,666,667;2;1
528;1320;6;7;6;2;3;2;4;3;6;3;3;3;4;4;7;6;5;5;5;4;5;6;6;6;5;5;6;6;6;6;4;2;1;57;5;2;1;1;336,363,636,363,636;633,333,333,333,333;6;5,5;466,666,666,666,667;566,666,666,666,667;6
339;1145;5;5;5;4;4;4;4;5;5;5;4;4;5;4;4;4;4;4;4;4;4;4;4;5;5;4;5;4;4;4;1;4;1;38;3;2;1;1;436,363,636,363,636;5;4;4,75;4;4;4
195;1082;7;7;7;3;3;4;3;4;5;4;4;5;5;4;6;6;6;6;5;6;4;6;6;6;7;6;4;5;5;6;1;2;1;58;5;2;1;1;4;7;6;5,75;566,666,666,666,667;533,333,333,333,333;533,333,333,333,333
454;1077;5;5;4;5;5;4;4;4;4;4;4;4;4;4;6;6;6;6;6;6;6;6;6;6;6;6;5;5;5;5;1;6;1;54;5;2;1;1;418,181,818,181,818;466,666,666,666,667;6;5,75;6;6;5
156;1067;6;7;7;5;4;4;3;6;5;5;4;6;4;3;4;5;4;4;5;4;5;4;5;3;6;4;3;5;5;4;5;4;1;58;5;2;1;1;445,454,545,454,545;666,666,666,666,667;433,333,333,333,333;4;433,333,333,333,333;466,666,666,666,667;466,666,666,666,667
444;1021;6;5;3;5;2;2;2;3;5;5;4;5;6;3;5;5;4;5;5;4;6;4;5;6;6;5;7;5;6;6;5;6;1;42;4;2;1;1;381,818,181,818,182;466,666,666,666,667;466,666,666,666,667;6;466,666,666,666,667;5;566,666,666,666,667
272;945;5;4;4;2;1;1;1;3;2;2;2;4;2;2;1;1;2;1;4;2;1;1;1;1;7;1;7;1;1;1;1;3;1;45;4;2;1;1;2;433,333,333,333,333;133,333,333,333,333;4;233,333,333,333,333;1;1
258;918;7;7;5;5;4;3;3;5;5;5;3;5;6;5;6;7;7;6;6;6;6;6;6;6;6;6;5;6;6;6;4;6;1;44;4;2;1;1;445,454,545,454,545;633,333,333,333,333;666,666,666,666,667;5,75;6;6;6
64;852;5;6;6;4;3;4;2;5;4;5;4;4;5;4;3;4;3;4;4;4;3;5;4;5;7;4;7;5;4;3;4;4;1;57;5;2;1;1;4;566,666,666,666,667;333,333,333,333,333;5,75;4;4;4
68;809;6;6;4;4;4;6;4;5;6;6;4;4;4;4;7;7;7;6;6;6;6;7;7;5;5;5;5;6;5;6;3;3;1;49;4;2;1;1;463,636,363,636,364;533,333,333,333,333;7;5;6;666,666,666,666,667;566,666,666,666,667
526;807;7;7;7;5;3;3;2;5;5;5;3;3;3;3;7;7;7;6;6;6;6;6;7;5;6;5;5;6;6;6;3;5;1;63;6;2;1;1;363,636,363,636,364;7;7;5,25;6;633,333,333,333,333;6
261;786;6;4;4;2;2;2;2;2;3;5;2;4;4;2;7;6;6;4;4;4;5;4;5;6;6;5;7;6;5;5;2;6;1;52;5;2;1;1;272,727,272,727,273;466,666,666,666,667;633,333,333,333,333;6;4;466,666,666,666,667;533,333,333,333,333
406;776;5;5;5;5;5;5;4;5;5;6;4;5;5;5;6;6;5;4;5;5;5;4;5;4;6;5;4;5;5;5;2;6;1;47;4;2;1;1;490,909,090,909,091;5;566,666,666,666,667;4,75;466,666,666,666,667;466,666,666,666,667;5
53;740;6;6;6;3;3;3;3;5;5;3;3;4;4;4;6;6;6;6;6;6;6;6;6;6;6;6;6;6;6;6;4;6;1;49;4;2;1;1;363,636,363,636,364;6;6;6;6;6;6
286;736;5;5;2;6;4;7;6;7;7;7;7;7;7;7;4;4;4;4;4;4;4;4;4;3;6;4;4;4;4;4;4;3;1;34;3;2;1;1;654,545,454,545,455;4;4;4,25;4;4;4
332;725;4;5;6;4;3;2;3;4;6;5;4;4;6;4;7;6;5;6;6;6;6;6;6;5;6;6;7;6;6;6;3;3;1;57;5;2;1;1;409,090,909,090,909;5;6;6;6;6;6
202;719;6;5;5;6;4;4;3;4;4;6;4;5;4;4;7;7;6;6;6;6;7;7;7;6;7;5;4;7;6;7;3;5;1;63;6;2;1;1;436,363,636,363,636;533,333,333,333,333;666,666,666,666,667;5,5;6;7;666,666,666,666,667
268;697;5;5;4;4;4;4;4;5;5;4;4;4;4;4;4;4;4;4;4;4;4;4;4;5;5;4;7;4;4;3;1;3;1;63;6;2;1;1;418,181,818,181,818;466,666,666,666,667;4;5,25;4;4;366,666,666,666,667
86;694;6;5;4;4;3;3;5;6;6;6;4;4;6;5;5;4;5;4;4;4;5;5;5;5;3;6;4;4;4;4;4;5;1;44;4;2;1;1;472,727,272,727,273;5;466,666,666,666,667;4,5;4;5;4
309;669;7;7;7;6;4;4;4;6;5;7;4;4;5;4;4;4;4;4;4;4;5;5;5;5;6;4;4;4;4;4;5;4;1;53;5;2;1;1;481,818,181,818,182;7;4;4,75;4;5;4
166;659;5;4;3;5;4;5;3;5;4;3;5;4;3;5;5;3;5;5;4;5;4;3;5;4;5;3;5;5;2;2;5;6;1;46;4;2;1;1;418,181,818,181,818;4;433,333,333,333,333;4,25;466,666,666,666,667;4;3
49;644;7;6;5;4;3;3;3;5;4;4;3;4;4;4;7;5;5;6;5;5;6;6;6;6;6;6;5;6;6;6;1;4;1;53;5;2;1;1;372,727,272,727,273;6;566,666,666,666,667;5,75;533,333,333,333,333;6;6
59;628;5;5;4;4;3;3;3;4;4;4;3;4;4;4;5;4;4;4;4;4;5;4;4;4;4;4;1;4;4;4;2;6;1;53;5;2;1;1;363,636,363,636,364;466,666,666,666,667;433,333,333,333,333;3,25;4;433,333,333,333,333;4
460;616;6;6;6;5;5;4;4;4;5;5;4;4;5;4;6;6;5;4;4;5;5;6;6;5;7;5;7;6;5;6;1;3;1;38;3;2;1;1;445,454,545,454,545;6;566,666,666,666,667;6;433,333,333,333,333;566,666,666,666,667;566,666,666,666,667
397;604;5;5;5;3;4;4;3;5;6;4;3;5;5;4;4;3;3;4;3;3;5;4;5;5;6;4;2;4;3;3;1;6;1;37;3;2;1;1;418,181,818,181,818;5;333,333,333,333,333;4,25;333,333,333,333,333;466,666,666,666,667;333,333,333,333,333
96;593;6;7;6;5;5;3;5;6;7;6;4;6;7;6;5;5;5;7;7;7;5;5;6;6;6;6;2;6;5;6;1;3;1;40;3;2;1;1;545,454,545,454,545;633,333,333,333,333;5;5;7;533,333,333,333,333;566,666,666,666,667
26;589;5;5;4;6;3;3;4;6;6;6;4;6;6;4;3;1;2;4;4;4;1;4;1;5;7;5;1;1;1;1;3;3;1;43;4;2;1;1;490,909,090,909,091;466,666,666,666,667;2;4,5;4;2;1
304;522;7;7;7;4;3;3;4;5;6;4;4;6;7;4;4;4;4;4;4;4;6;4;5;4;7;4;4;5;5;5;1;3;1;65;6;2;1;1;454,545,454,545,455;7;4;4,75;4;5;5
340;515;5;5;5;4;4;3;4;4;5;3;3;4;4;3;4;5;3;3;3;2;1;1;2;3;6;4;4;4;3;1;5;6;1;43;4;2;1;1;372,727,272,727,273;5;4;4,25;266,666,666,666,667;133,333,333,333,333;266,666,666,666,667
452;513;6;6;6;4;3;3;4;5;5;6;4;5;4;3;6;5;4;5;5;4;6;5;5;6;6;5;5;6;6;6;1;3;1;57;5;2;1;1;418,181,818,181,818;6;5;5,5;466,666,666,666,667;533,333,333,333,333;6
153;488;6;6;6;6;4;2;4;6;6;4;4;5;4;3;4;4;4;4;4;4;4;1;3;4;6;4;7;1;3;4;1;6;1;58;5;2;1;1;436,363,636,363,636;6;4;5,25;4;266,666,666,666,667;266,666,666,666,667
532;451;6;5;5;3;3;2;4;3;3;5;3;4;5;4;7;6;6;6;6;6;4;5;5;6;5;5;4;6;6;6;1;3;1;30;2;2;1;1;354,545,454,545,455;533,333,333,333,333;633,333,333,333,333;5;6;466,666,666,666,667;6
244;413;4;4;4;4;4;4;4;4;4;4;4;4;4;4;2;2;3;2;2;2;4;4;4;2;2;4;2;2;2;2;4;6;1;60;5;2;1;1;4;4;233,333,333,333,333;2,5;2;4;2
480;390;6;6;6;4;4;4;4;4;4;4;4;4;4;4;5;4;4;4;4;4;5;5;5;5;5;4;4;5;5;5;1;6;1;44;4;2;1;1;4;6;433,333,333,333,333;4,5;4;5;5
412;384;7;5;5;4;4;4;3;5;5;5;4;5;5;4;7;5;6;4;4;4;4;4;4;4;4;4;5;4;4;4;4;4;1;29;2;2;1;1;436,363,636,363,636;566,666,666,666,667;6;4,25;4;4;4
145;368;5;5;4;4;4;4;4;6;6;7;4;5;7;4;6;5;5;6;6;6;6;6;6;6;7;6;6;6;6;6;3;5;1;53;5;2;1;1;5;466,666,666,666,667;533,333,333,333,333;6,25;6;6;6
135;342;7;7;7;1;4;1;1;4;4;1;4;2;4;4;7;7;7;6;6;6;6;6;6;7;7;7;6;7;7;7;4;6;1;43;4;2;1;1;272,727,272,727,273;7;7;6,75;6;6;7
315;318;5;2;2;6;3;2;2;5;5;5;3;5;4;4;5;5;5;4;4;4;4;4;4;3;1;3;3;2;2;3;5;6;1;45;4;2;1;1;4;3;5;2,5;4;4;233,333,333,333,333
575;306;5;2;4;2;6;4;4;4;6;6;4;5;6;5;5;6;5;4;6;6;5;5;6;4;7;5;7;6;4;4;4;3;1;20;2;2;1;1;472,727,272,727,273;366,666,666,666,667;533,333,333,333,333;5,75;533,333,333,333,333;533,333,333,333,333;466,666,666,666,667
500;283;5;6;6;5;5;5;5;5;5;5;5;5;5;5;5;5;5;5;5;5;5;5;5;5;5;5;5;5;5;5;1;3;1;41;4;2;1;1;5;566,666,666,666,667;5;5;5;5;5
386;275;5;4;4;4;4;4;4;5;5;5;4;5;5;4;4;5;4;4;4;3;4;4;4;4;5;4;5;4;3;3;1;4;1;62;6;2;1;1;445,454,545,454,545;433,333,333,333,333;433,333,333,333,333;4,5;366,666,666,666,667;4;333,333,333,333,333
94;265;6;6;6;3;4;3;4;5;5;5;4;4;6;4;6;6;6;4;6;4;6;4;4;6;6;5;4;6;5;5;3;6;1;38;3;2;1;1;427,272,727,272,727;6;6;5,25;466,666,666,666,667;466,666,666,666,667;533,333,333,333,333
336;4970;2;2;3;6;3;3;3;4;5;7;3;4;4;4;1;1;1;1;1;1;1;1;1;4;5;4;4;1;1;1;4;6;0;41;4;2;2;0;418,181,818,181,818;233,333,333,333,333;1;4,25;1;1;1
63;679;4;2;2;7;4;4;5;5;5;6;4;6;6;4;1;1;1;1;1;1;1;1;1;1;7;4;1;1;1;1;4;2;1;46;4;2;2;0;509,090,909,090,909;266,666,666,666,667;1;3,25;1;1;1
29;476;5;5;5;3;4;4;4;4;5;4;4;5;5;4;6;5;5;4;4;4;4;4;5;5;5;4;4;5;6;6;3;2;1;30;2;2;2;0;418,181,818,181,818;5;533,333,333,333,333;4,5;4;433,333,333,333,333;566,666,666,666,667
425;476;6;4;4;4;3;5;3;3;5;4;4;5;5;4;6;6;6;6;5;6;5;6;6;6;6;6;6;7;7;7;1;3;1;43;4;2;2;0;409,090,909,090,909;466,666,666,666,667;6;6;566,666,666,666,667;566,666,666,666,667;7
459;260;4;2;2;4;4;4;4;4;4;4;4;4;4;4;3;3;2;4;4;4;4;4;4;4;4;4;4;4;4;4;1;2;1;27;2;2;2;0;4;266,666,666,666,667;266,666,666,666,667;4;4;4;4
125;225;7;7;7;4;4;4;4;4;4;4;4;4;4;4;4;4;4;4;4;4;4;4;4;4;4;4;4;4;4;4;4;5;1;38;3;2;3;0;4;7;4;4;4;4;4
11;1366;4;6;5;1;6;1;2;6;7;6;1;4;6;4;4;5;4;4;4;4;4;2;4;5;6;2;6;5;4;4;5;6;0;67;7;2;2;0;4;5;433,333,333,333,333;4,75;4;333,333,333,333,333;433,333,333,333,333
314;1352;4;5;5;4;4;2;4;5;4;5;3;4;6;4;1;1;1;2;2;2;2;2;2;1;7;1;4;1;1;1;4;3;0;61;6;2;2;0;409,090,909,090,909;466,666,666,666,667;1;3,25;2;2;1
371;1271;4;6;6;7;5;4;4;7;4;7;4;7;7;6;3;3;2;3;3;3;1;2;2;4;7;4;5;1;1;1;3;3;0;36;3;2;2;0;563,636,363,636,364;533,333,333,333,333;266,666,666,666,667;5;3;166,666,666,666,667;1
566;1153;6;6;6;5;4;3;5;6;6;5;5;5;5;4;6;6;6;6;6;6;6;6;6;6;6;5;6;6;6;6;4;6;0;62;6;2;2;0;481,818,181,818,182;6;6;5,75;6;6;6
520;1113;6;7;7;5;4;3;4;6;7;7;4;6;7;4;6;6;6;6;6;6;6;7;6;4;6;6;6;6;6;7;3;6;0;36;3;2;2;0;518,181,818,181,818;666,666,666,666,667;6;5,5;6;633,333,333,333,333;633,333,333,333,333
399;1072;1;1;2;7;6;6;4;6;6;7;7;7;6;6;1;1;1;1;1;1;1;1;1;1;7;4;7;1;1;1;5;4;0;62;6;2;2;0;618,181,818,181,818;133,333,333,333,333;1;4,75;1;1;1
446;999;7;7;7;4;4;3;4;6;4;5;5;5;5;5;4;2;3;2;2;3;3;4;3;4;4;4;4;3;4;3;5;2;0;63;6;2;2;0;454,545,454,545,455;7;3;4;233,333,333,333,333;333,333,333,333,333;333,333,333,333,333
589;965;4;4;4;4;4;3;4;4;3;5;3;3;3;3;3;3;4;4;4;4;4;4;4;5;3;2;4;4;4;4;2;4;0;37;3;2;2;0;354,545,454,545,455;4;333,333,333,333,333;3,5;4;4;4
546;963;1;2;2;4;4;4;5;6;6;7;7;6;6;7;1;1;1;1;1;1;1;1;1;1;7;1;1;1;1;1;4;3;0;33;3;2;2;0;563,636,363,636,364;166,666,666,666,667;1;2,5;1;1;1
563;941;7;7;7;5;5;5;3;5;6;6;4;2;6;6;3;3;2;4;2;3;4;2;2;2;6;1;7;1;1;1;1;2;0;35;3;2;2;0;481,818,181,818,182;7;266,666,666,666,667;4;3;266,666,666,666,667;1
310;872;5;5;5;4;6;5;5;6;6;6;4;5;6;7;2;3;2;3;4;4;4;4;7;4;3;2;1;4;4;4;1;2;0;42;4;2;2;0;545,454,545,454,545;5;233,333,333,333,333;2,5;366,666,666,666,667;5;4
57;838;5;3;4;6;4;2;2;6;6;6;4;4;4;6;5;6;6;4;4;4;4;5;5;5;7;5;4;5;4;4;5;6;0;32;3;2;2;0;454,545,454,545,455;4;566,666,666,666,667;5,25;4;466,666,666,666,667;433,333,333,333,333
326;819;5;5;4;6;4;4;5;6;6;6;5;5;5;4;4;4;4;4;4;4;4;4;4;5;7;4;4;4;2;4;2;6;0;61;6;2;2;0;509,090,909,090,909;466,666,666,666,667;4;5;4;4;333,333,333,333,333
67;788;6;5;4;4;4;4;4;4;5;4;3;4;4;3;5;5;4;4;4;4;4;3;4;3;5;4;4;4;4;4;2;2;0;61;6;2;2;0;390,909,090,909,091;5;466,666,666,666,667;4;4;366,666,666,666,667;4
266;777;7;7;7;3;3;3;2;3;4;5;2;4;3;2;7;6;6;3;4;4;6;6;6;5;6;6;5;7;6;6;5;3;0;86;7;2;2;0;309,090,909,090,909;7;633,333,333,333,333;5,5;366,666,666,666,667;6;633,333,333,333,333
368;745;4;5;4;3;2;2;2;3;4;3;1;4;2;2;6;6;6;5;4;4;4;4;4;4;5;4;5;5;4;4;4;3;0;30;2;2;2;0;254,545,454,545,455;433,333,333,333,333;6;4,5;433,333,333,333,333;4;433,333,333,333,333
377;698;5;5;5;4;4;3;4;4;5;5;4;4;4;4;3;3;2;2;2;2;4;2;2;2;6;2;2;2;2;2;1;2;0;63;6;2;2;0;409,090,909,090,909;5;266,666,666,666,667;3;2;266,666,666,666,667;2
478;693;6;6;6;3;4;2;2;5;4;4;2;3;4;2;7;6;7;7;7;7;6;6;6;6;6;6;6;6;6;6;3;4;0;56;5;2;2;0;318,181,818,181,818;6;666,666,666,666,667;6;7;6;6
308;683;5;5;5;5;4;4;4;4;5;5;4;5;5;4;5;5;4;5;5;4;4;4;4;4;6;3;3;4;3;4;4;3;0;64;6;2;2;0;445,454,545,454,545;5;466,666,666,666,667;4;466,666,666,666,667;4;366,666,666,666,667
518;664;4;3;3;4;4;4;4;6;6;6;4;6;6;4;3;2;2;2;3;3;4;4;4;5;7;4;3;6;4;2;1;3;0;48;4;2;2;0;490,909,090,909,091;333,333,333,333,333;233,333,333,333,333;4,75;266,666,666,666,667;4;4
78;658;5;6;6;6;5;5;3;7;6;7;4;7;7;6;2;4;1;1;1;1;2;1;1;1;7;1;3;1;1;1;5;3;0;52;5;2;2;0;572,727,272,727,273;566,666,666,666,667;233,333,333,333,333;3;1;133,333,333,333,333;1
290;644;4;4;4;5;4;4;5;5;5;6;4;5;6;6;2;1;2;3;3;3;4;3;3;3;7;2;2;3;2;1;3;2;0;51;5;2;2;0;5;4;166,666,666,666,667;3,5;3;333,333,333,333,333;2
389;600;6;7;7;5;3;3;3;4;3;4;4;4;5;5;5;5;3;4;5;4;4;4;4;3;5;4;5;5;4;5;5;6;0;67;7;2;2;0;390,909,090,909,091;666,666,666,666,667;433,333,333,333,333;4,25;433,333,333,333,333;4;466,666,666,666,667
100;549;7;7;7;2;2;2;2;6;6;6;3;6;6;6;5;5;5;4;4;4;4;4;4;5;5;4;4;5;5;5;3;4;0;61;6;2;2;0;427,272,727,272,727;7;5;4,5;4;4;5
539;546;5;5;5;5;2;3;3;3;3;3;3;5;5;5;4;4;3;2;2;2;2;2;2;2;6;2;2;2;2;2;2;2;0;56;5;2;2;0;363,636,363,636,364;5;366,666,666,666,667;3;2;2;2
391;546;5;4;4;6;4;4;5;6;5;6;4;5;6;5;4;4;3;4;3;4;5;4;5;5;7;3;3;4;3;3;4;2;0;45;4;2;2;0;509,090,909,090,909;433,333,333,333,333;366,666,666,666,667;4,5;366,666,666,666,667;466,666,666,666,667;333,333,333,333,333
119;531;6;6;6;5;5;3;5;5;5;5;5;5;5;5;1;1;1;2;5;5;3;3;3;3;2;1;1;3;3;2;1;2;0;62;6;2;2;0;481,818,181,818,182;6;1;1,75;4;3;266,666,666,666,667
197;506;6;5;5;4;4;4;4;4;5;5;5;5;5;5;4;4;4;3;3;3;4;4;4;2;2;4;4;4;4;4;1;3;0;61;6;2;2;0;454,545,454,545,455;533,333,333,333,333;4;3;3;4;4
183;500;5;6;5;5;3;2;4;7;6;7;4;6;5;5;4;4;4;4;4;4;4;2;3;4;7;3;7;4;3;3;1;4;0;55;5;2;2;0;490,909,090,909,091;533,333,333,333,333;4;5,25;4;3;333,333,333,333,333
542;480;2;2;2;4;4;4;2;5;4;7;4;4;4;3;1;1;1;1;1;1;1;1;1;4;7;4;4;1;1;1;1;3;0;30;2;2;2;0;409,090,909,090,909;2;1;4,75;1;1;1
583;469;4;5;4;4;4;3;4;6;6;6;4;5;6;4;4;4;4;4;4;4;4;4;4;4;4;4;3;5;4;4;3;5;0;37;3;2;2;0;472,727,272,727,273;433,333,333,333,333;4;3,75;4;4;433,333,333,333,333
527;466;7;7;7;3;2;3;3;3;5;4;4;4;5;5;6;6;6;5;5;5;5;5;5;5;5;6;7;5;5;5;4;5;0;63;6;2;2;0;372,727,272,727,273;7;6;5,75;5;5;5
120;444;7;7;7;5;5;5;3;5;6;6;5;6;6;5;7;7;7;7;6;6;7;7;6;7;7;7;7;7;7;7;5;4;0;58;5;2;2;0;518,181,818,181,818;7;7;7;633,333,333,333,333;666,666,666,666,667;7
419;433;7;7;7;5;4;2;4;4;7;6;4;5;7;6;4;2;4;4;5;4;4;4;4;5;6;4;4;5;4;4;5;6;0;70;7;2;2;0;490,909,090,909,091;7;333,333,333,333,333;4,75;433,333,333,333,333;4;433,333,333,333,333
211;429;6;3;3;5;4;3;5;5;5;3;3;5;5;5;4;4;4;5;5;4;4;4;4;5;5;5;4;4;4;4;2;2;0;44;4;2;2;0;436,363,636,363,636;4;4;4,75;466,666,666,666,667;4;4
277;429;5;5;5;2;4;2;2;2;2;2;2;2;2;2;2;2;2;2;2;2;5;4;4;2;6;3;7;4;4;4;3;2;0;63;6;2;2;0;218,181,818,181,818;5;2;4,5;2;433,333,333,333,333;4
433;421;5;5;4;6;2;2;4;6;4;7;2;6;6;3;4;4;4;3;3;3;3;1;2;2;6;3;2;2;2;2;2;6;0;43;4;2;2;0;436,363,636,363,636;466,666,666,666,667;4;3,25;3;2;2
471;393;1;4;3;7;1;1;2;7;7;7;7;6;1;7;1;1;1;1;1;1;7;1;1;4;1;1;7;7;1;1;3;6;0;39;3;2;2;0;481,818,181,818,182;266,666,666,666,667;1;3,25;1;3;3
280;392;7;6;7;4;4;4;4;6;6;7;3;4;6;3;6;5;4;3;4;5;6;4;6;5;6;5;3;4;2;2;1;6;0;39;3;2;2;0;463,636,363,636,364;666,666,666,666,667;5;4,75;4;533,333,333,333,333;266,666,666,666,667
584;382;5;5;5;5;3;1;2;5;5;5;3;3;5;3;5;5;5;4;4;4;5;5;5;5;5;5;5;4;5;5;1;6;0;26;2;2;2;0;363,636,363,636,364;5;5;5;4;5;466,666,666,666,667
47;346;4;4;4;4;4;4;4;4;4;4;4;4;4;4;4;4;4;4;4;4;4;4;4;4;4;4;4;4;4;4;3;3;0;59;5;2;2;0;4;4;4;4;4;4;4
217;343;4;4;4;4;4;4;4;4;4;4;4;4;4;4;4;4;4;4;4;4;4;4;4;4;4;4;4;4;4;4;4;5;0;56;5;2;2;0;4;4;4;4;4;4;4
533;339;4;4;4;4;4;4;4;4;4;4;4;4;4;4;3;3;3;4;4;4;4;4;4;4;4;4;4;4;4;4;3;3;0;52;5;2;2;0;4;4;3;4;4;4;4
10;337;4;4;4;4;4;4;4;4;4;4;4;4;4;4;4;5;5;5;5;5;5;5;5;4;4;4;4;5;5;5;1;3;0;61;6;2;2;0;4;4;466,666,666,666,667;4;5;5;5
467;335;6;6;6;1;1;1;1;1;5;2;1;1;1;1;7;7;7;7;7;7;7;7;7;7;7;7;4;7;7;7;5;5;0;26;2;2;2;0;145,454,545,454,545;6;7;6,25;7;7;7
570;333;7;7;7;6;2;1;1;7;7;7;1;7;7;7;1;1;1;1;1;1;2;1;2;2;7;1;7;1;1;1;1;4;0;31;3;2;2;0;481,818,181,818,182;7;1;4,25;1;166,666,666,666,667;1
354;331;6;6;6;4;4;2;2;5;6;6;3;5;6;6;4;4;4;4;4;4;4;4;4;4;4;4;4;4;4;4;5;6;0;62;6;2;2;0;445,454,545,454,545;6;4;4;4;4;4
103;309;7;7;7;7;7;7;7;7;6;6;6;6;6;6;5;5;5;4;4;5;4;5;5;5;5;5;5;5;5;5;1;4;0;61;6;2;2;0;645,454,545,454,545;7;5;5;433,333,333,333,333;466,666,666,666,667;5
33;298;5;6;5;4;4;4;3;4;4;3;3;4;3;4;4;5;5;5;4;5;5;4;4;5;4;5;5;5;4;3;4;4;0;42;4;2;2;0;363,636,363,636,364;533,333,333,333,333;466,666,666,666,667;4,75;466,666,666,666,667;433,333,333,333,333;4
176;285;4;4;4;4;4;4;4;4;4;4;4;4;4;4;4;4;4;4;4;4;4;4;4;4;4;4;4;5;5;3;5;3;0;24;2;2;2;0;4;4;4;4;4;4;433,333,333,333,333
305;270;4;4;4;6;5;5;3;6;2;5;4;6;2;4;3;5;5;4;5;5;4;5;5;4;3;4;4;5;4;4;3;4;0;20;2;2;2;0;436,363,636,363,636;4;433,333,333,333,333;3,75;466,666,666,666,667;466,666,666,666,667;433,333,333,333,333
9;266;3;3;4;5;5;5;3;5;4;3;5;5;5;6;2;1;1;2;3;4;2;3;2;3;6;6;5;3;5;3;4;3;0;27;2;2;2;0;463,636,363,636,364;333,333,333,333,333;133,333,333,333,333;5;3;233,333,333,333,333;366,666,666,666,667
188;263;4;4;4;4;4;4;4;4;4;4;4;4;4;4;4;4;4;4;4;4;4;4;4;4;4;4;4;4;4;4;4;3;0;23;2;2;2;0;4;4;4;4;4;4;4
105;262;4;4;4;4;4;4;4;4;4;4;4;4;4;4;5;5;5;4;4;4;4;4;4;4;4;4;4;4;4;4;3;3;0;50;4;2;2;0;4;4;5;4;4;4;4
378;262;4;4;4;4;4;4;4;4;4;4;4;4;4;4;4;4;4;4;4;4;4;4;4;4;4;4;4;4;4;4;2;3;0;62;6;2;2;0;4;4;4;4;4;4;4
72;237;4;3;3;5;4;5;4;5;5;4;4;5;5;5;5;5;4;5;4;5;5;4;4;5;5;4;5;5;4;5;1;3;0;42;4;2;2;0;463,636,363,636,364;333,333,333,333,333;466,666,666,666,667;4,75;466,666,666,666,667;433,333,333,333,333;466,666,666,666,667
193;6602;5;5;5;5;4;4;4;4;4;4;4;4;4;5;4;4;4;5;5;5;5;4;4;5;6;4;2;5;5;5;4;3;1;65;6;2;2;0;418,181,818,181,818;5;4;4,25;5;433,333,333,333,333;5
230;5548;5;4;4;5;4;4;4;5;5;5;4;4;5;4;4;4;3;3;3;3;4;3;4;4;4;4;4;4;4;4;5;4;1;60;5;2;2;0;445,454,545,454,545;433,333,333,333,333;366,666,666,666,667;4;3;366,666,666,666,667;4
476;3068;6;6;4;3;3;3;4;2;2;4;2;5;4;4;4;4;4;4;4;4;4;4;4;4;4;4;4;4;4;4;1;1;1;63;6;2;2;0;327,272,727,272,727;533,333,333,333,333;4;4;4;4;4
569;2487;2;2;4;7;5;4;3;6;6;6;4;6;7;4;4;3;4;2;2;2;2;2;2;2;7;3;1;3;2;2;5;3;1;63;6;2;2;0;527,272,727,272,727;266,666,666,666,667;366,666,666,666,667;3,25;2;2;233,333,333,333,333
45;2034;5;5;5;4;4;4;4;4;4;4;4;4;4;4;5;5;5;5;5;5;5;5;5;5;5;5;5;5;5;5;1;2;1;66;7;2;2;0;4;5;5;5;5;5;5
510;1606;6;6;6;2;2;3;2;2;2;3;2;2;1;2;6;6;7;5;5;5;5;6;6;6;6;5;5;5;6;6;5;5;1;26;2;2;2;0;209,090,909,090,909;6;633,333,333,333,333;5,5;5;566,666,666,666,667;566,666,666,666,667
23;1435;5;6;7;3;1;1;2;2;6;4;2;2;2;2;7;5;7;7;7;6;6;7;7;6;5;3;7;7;7;7;2;4;1;40;3;2;2;0;245,454,545,454,545;6;633,333,333,333,333;5,25;666,666,666,666,667;666,666,666,666,667;7
577;1424;7;5;4;2;3;2;2;3;5;5;3;4;5;3;5;6;4;6;6;6;6;6;6;5;5;4;2;5;5;5;2;3;1;36;3;2;2;0;336,363,636,363,636;533,333,333,333,333;5;4;6;6;5
281;1168;7;7;7;5;5;4;5;4;7;5;3;4;5;3;7;7;7;7;7;7;7;7;7;7;4;7;7;7;7;7;1;3;1;56;5;2;2;0;454,545,454,545,455;7;7;6,25;7;7;7
154;1097;1;1;1;7;7;7;7;2;2;7;3;7;7;7;1;1;1;1;1;1;1;1;1;1;7;1;7;1;1;1;5;3;1;43;4;2;2;0;572,727,272,727,273;1;1;4;1;1;1
498;1024;7;7;7;6;5;5;4;5;5;6;4;5;5;4;6;6;5;5;5;6;6;5;5;6;6;6;7;6;6;6;1;6;1;61;6;2;2;0;490,909,090,909,091;7;566,666,666,666,667;6,25;533,333,333,333,333;533,333,333,333,333;6
142;992;6;6;6;4;4;4;4;4;5;5;4;5;5;4;6;6;4;5;5;5;6;6;6;5;5;5;5;5;5;5;3;4;1;64;6;2;2;0;436,363,636,363,636;6;533,333,333,333,333;5;5;6;5
52;838;4;4;4;7;4;3;4;6;4;7;4;7;7;4;2;3;4;4;2;4;4;2;3;1;7;4;1;1;1;1;1;1;1;60;5;2;2;0;518,181,818,181,818;4;3;3,25;333,333,333,333,333;3;1
468;775;5;5;5;6;4;4;3;5;3;6;2;5;3;5;6;5;5;5;5;6;5;5;5;4;6;6;6;5;6;6;3;3;1;56;5;2;2;0;418,181,818,181,818;5;533,333,333,333,333;5,5;533,333,333,333,333;5;566,666,666,666,667
227;620;6;6;4;7;5;7;5;7;6;7;7;7;7;7;4;3;3;4;4;4;3;2;3;4;7;4;1;3;3;3;5;6;1;57;5;2;2;0;654,545,454,545,455;533,333,333,333,333;333,333,333,333,333;4;4;266,666,666,666,667;3
73;606;6;6;6;3;3;5;3;4;5;4;3;3;3;3;7;6;6;6;6;6;6;6;6;6;6;6;6;6;6;6;1;1;1;44;4;2;2;0;354,545,454,545,455;6;633,333,333,333,333;6;6;6;6
348;603;5;6;5;4;4;4;4;4;4;4;4;4;4;4;5;5;4;4;4;4;5;5;5;5;5;5;5;4;4;4;1;3;1;35;3;2;2;0;4;533,333,333,333,333;466,666,666,666,667;5;4;5;4
21;597;3;4;1;5;3;4;5;4;5;4;4;5;5;4;1;1;1;1;1;1;1;1;1;7;7;7;7;1;1;1;1;6;1;41;4;2;2;0;436,363,636,363,636;266,666,666,666,667;1;7;1;1;1
60;591;7;7;7;4;2;2;4;5;3;6;3;3;4;2;7;7;7;7;7;7;7;7;7;7;6;7;7;7;7;7;5;3;1;64;6;2;2;0;345,454,545,454,545;7;7;6,75;7;7;7
77;588;6;7;7;7;2;2;2;7;7;7;4;7;7;4;5;4;4;4;4;4;4;4;4;2;7;2;6;6;6;4;5;6;1;64;6;2;2;0;509,090,909,090,909;666,666,666,666,667;433,333,333,333,333;4,25;4;4;533,333,333,333,333
313;584;5;6;6;2;2;2;4;3;4;4;3;4;4;4;7;7;7;4;5;5;6;6;6;5;6;6;6;5;6;6;1;5;1;49;4;2;2;0;327,272,727,272,727;566,666,666,666,667;7;5,75;466,666,666,666,667;6;566,666,666,666,667
492;546;5;4;3;2;6;7;3;6;6;7;7;6;6;6;6;7;5;6;6;7;7;7;6;6;6;5;6;6;5;6;1;3;1;36;3;2;2;0;563,636,363,636,364;4;6;5,75;633,333,333,333,333;666,666,666,666,667;566,666,666,666,667
247;544;7;6;6;3;2;3;4;5;6;5;3;5;5;4;6;6;6;6;6;6;7;6;6;7;6;6;5;6;6;6;4;6;1;64;6;2;2;0;409,090,909,090,909;633,333,333,333,333;6;6;6;633,333,333,333,333;6
394;502;7;7;7;6;7;7;7;6;7;7;7;7;7;6;1;1;2;4;7;4;7;7;7;3;7;3;3;2;2;1;2;2;1;40;3;2;2;0;672,727,272,727,273;7;133,333,333,333,333;4;5;7;166,666,666,666,667
90;502;7;6;6;4;4;4;4;4;4;4;4;4;4;4;6;4;4;5;5;5;5;7;6;5;5;5;5;5;5;5;4;6;1;69;7;2;2;0;4;633,333,333,333,333;466,666,666,666,667;5;5;6;5
213;501;7;5;5;2;2;1;4;4;5;7;2;4;5;2;7;6;6;4;4;4;7;7;7;6;7;6;6;7;7;7;1;1;1;62;6;2;2;0;345,454,545,454,545;566,666,666,666,667;633,333,333,333,333;6,25;4;7;7
194;493;5;5;4;4;4;3;3;4;5;5;4;4;7;4;2;2;1;3;2;2;2;2;2;4;5;2;3;1;2;3;2;3;1;23;2;2;2;0;427,272,727,272,727;466,666,666,666,667;166,666,666,666,667;3,5;233,333,333,333,333;2;2
299;486;6;6;6;5;4;5;4;5;5;5;5;5;5;5;6;6;5;5;5;5;6;5;6;5;6;5;6;6;5;5;3;6;1;57;5;2;2;0;481,818,181,818,182;6;566,666,666,666,667;5,5;5;566,666,666,666,667;533,333,333,333,333
106;484;4;4;4;4;4;4;4;4;4;4;4;4;4;4;4;4;4;4;4;4;4;4;4;4;4;4;4;4;4;4;1;2;1;63;6;2;2;0;4;4;4;4;4;4;4
186;471;6;6;5;4;4;4;5;5;5;4;4;4;4;4;6;6;4;6;5;4;5;5;5;5;5;5;4;5;5;5;5;3;1;62;6;2;2;0;427,272,727,272,727;566,666,666,666,667;533,333,333,333,333;4,75;5;5;5
367;454;7;7;7;3;2;1;1;4;6;5;1;4;4;1;7;7;7;7;7;7;7;7;7;5;7;7;7;7;7;7;5;6;1;74;7;2;2;0;290,909,090,909,091;7;7;6,5;7;7;7
160;448;6;6;5;2;4;2;4;4;5;3;4;2;4;3;7;7;7;6;6;6;7;7;7;7;7;7;7;7;7;7;4;3;1;42;4;2;2;0;336,363,636,363,636;566,666,666,666,667;7;7;6;7;7
275;413;6;5;5;4;2;2;2;4;5;2;2;4;4;2;7;7;7;6;6;6;6;6;6;6;6;7;7;7;7;7;5;6;1;56;5;2;2;0;3;533,333,333,333,333;7;6,5;6;6;7
203;412;7;7;7;7;6;5;4;3;2;1;1;2;3;4;7;7;7;7;7;7;7;7;7;7;7;7;7;4;4;4;1;3;1;39;3;2;2;0;345,454,545,454,545;7;7;7;7;7;4
568;392;4;2;5;4;5;4;5;5;7;5;4;5;7;4;7;6;6;6;6;5;6;7;7;7;7;6;7;6;6;7;1;3;1;19;2;2;2;0;5;366,666,666,666,667;633,333,333,333,333;6,75;566,666,666,666,667;666,666,666,666,667;633,333,333,333,333
82;386;4;3;3;5;5;5;5;5;5;6;5;6;5;5;2;2;3;3;3;3;2;2;2;2;6;2;5;3;3;3;1;6;1;37;3;2;2;0;518,181,818,181,818;333,333,333,333,333;233,333,333,333,333;3,75;3;2;3
115;384;5;6;6;4;5;4;2;6;6;6;2;6;7;4;7;5;7;4;4;4;6;6;6;5;5;6;4;7;7;7;3;5;1;50;4;2;2;0;472,727,272,727,273;566,666,666,666,667;633,333,333,333,333;5;4;6;7
245;370;4;4;4;3;3;3;4;4;5;4;3;4;5;5;5;5;5;4;4;4;4;4;4;4;4;4;4;4;4;4;2;3;1;46;4;2;2;0;390,909,090,909,091;4;5;4;4;4;4
175;361;5;5;4;6;5;6;5;5;4;5;6;5;4;5;4;5;6;4;5;5;4;5;4;5;5;4;5;5;4;4;1;6;1;33;3;2;2;0;509,090,909,090,909;466,666,666,666,667;5;4,75;466,666,666,666,667;433,333,333,333,333;433,333,333,333,333
453;357;1;2;2;7;4;4;4;3;3;2;5;4;2;5;1;1;1;3;3;3;1;1;1;1;4;4;2;1;1;1;3;3;1;61;6;2;2;0;390,909,090,909,091;166,666,666,666,667;1;2,75;3;1;1
514;343;3;5;4;4;4;5;4;4;5;4;5;5;5;5;5;5;4;4;5;5;4;5;4;4;5;4;4;4;5;4;4;4;1;42;4;2;2;0;454,545,454,545,455;4;466,666,666,666,667;4,25;466,666,666,666,667;433,333,333,333,333;433,333,333,333,333
37;339;7;6;5;6;4;6;5;3;6;5;5;6;5;6;7;4;6;6;5;5;5;5;4;5;6;5;5;6;4;6;1;2;1;32;3;2;2;0;518,181,818,181,818;6;566,666,666,666,667;5,25;533,333,333,333,333;466,666,666,666,667;533,333,333,333,333
24;338;5;5;5;5;5;5;5;5;5;5;5;5;5;5;3;3;1;3;3;3;4;4;4;4;4;4;4;4;4;4;2;2;1;60;5;2;2;0;5;5;233,333,333,333,333;4;3;4;4
506;336;4;4;4;4;4;4;4;4;4;4;4;4;4;4;2;2;1;4;4;4;4;4;4;4;4;4;4;4;4;4;2;3;1;24;2;2;2;0;4;4;166,666,666,666,667;4;4;4;4
251;333;6;7;6;4;3;4;4;4;4;4;4;4;4;4;4;4;4;5;5;5;4;4;4;4;4;4;4;4;4;4;3;6;1;73;7;2;2;0;390,909,090,909,091;633,333,333,333,333;4;4;5;4;4
12;325;1;1;1;6;4;4;2;2;2;7;2;2;4;2;2;2;2;4;4;4;2;2;2;3;6;2;1;1;1;1;2;4;1;35;3;2;2;0;336,363,636,363,636;1;2;3;4;2;1
146;320;4;4;4;4;4;4;4;4;4;4;4;4;4;4;3;3;4;4;4;4;4;4;4;4;4;4;4;4;4;4;1;2;1;44;4;2;2;0;4;4;333,333,333,333,333;4;4;4;4
143;320;5;5;4;4;3;3;3;6;3;5;4;6;6;5;5;4;4;3;4;3;3;3;4;5;6;4;4;7;4;4;3;4;1;27;2;2;2;0;436,363,636,363,636;466,666,666,666,667;433,333,333,333,333;4,75;333,333,333,333,333;333,333,333,333,333;5
370;308;4;4;4;4;4;4;4;4;4;4;4;4;4;4;4;4;4;4;4;4;4;4;4;4;4;4;4;4;4;4;3;2;1;54;5;2;2;0;4;4;4;4;4;4;4
329;299;2;2;2;5;5;4;4;5;5;5;4;4;4;4;1;1;1;1;1;1;1;1;1;2;6;1;7;1;1;1;1;6;1;44;4;2;2;0;445,454,545,454,545;2;1;4;1;1;1
376;297;4;4;4;4;4;4;4;4;4;4;4;4;4;4;6;4;4;4;4;4;4;4;4;4;4;4;4;4;4;4;3;3;1;52;5;2;2;0;4;4;466,666,666,666,667;4;4;4;4
474;295;7;7;7;6;5;1;1;4;4;5;3;4;4;4;5;5;4;4;4;4;4;4;4;4;4;4;4;4;4;4;4;3;1;62;6;2;2;0;372,727,272,727,273;7;466,666,666,666,667;4;4;4;4
233;293;4;4;4;4;4;3;3;5;5;6;4;4;5;5;4;4;4;4;4;4;4;4;4;4;4;4;4;4;4;4;3;1;1;29;2;2;2;0;436,363,636,363,636;4;4;4;4;4;4
131;279;6;6;6;4;4;4;3;4;4;4;5;4;3;4;7;7;6;5;5;5;5;5;4;4;5;4;5;4;5;4;3;3;1;31;3;2;2;0;390,909,090,909,091;6;666,666,666,666,667;4,5;5;466,666,666,666,667;433,333,333,333,333
4;276;4;4;4;4;4;4;4;4;4;4;4;4;4;4;4;4;4;4;4;4;4;4;4;4;4;4;4;4;4;4;3;3;1;34;3;2;2;0;4;4;4;4;4;4;4
98;267;4;4;5;3;5;4;3;5;5;3;4;3;5;3;2;4;3;4;3;4;3;5;4;4;5;4;3;5;3;3;3;3;1;41;4;2;2;0;390,909,090,909,091;433,333,333,333,333;3;4;366,666,666,666,667;4;366,666,666,666,667
133;265;7;6;6;1;4;4;5;4;4;4;4;4;4;4;7;4;4;4;4;4;4;4;4;4;4;4;4;4;4;4;1;3;1;29;2;2;2;0;381,818,181,818,182;633,333,333,333,333;5;4;4;4;4
499;252;4;4;4;4;4;4;4;4;4;4;4;4;4;4;4;4;4;4;4;4;4;4;4;4;4;4;4;4;4;4;1;3;1;27;2;2;2;0;4;4;4;4;4;4;4
232;239;5;5;4;3;3;3;3;4;4;5;4;4;4;4;7;1;1;6;6;6;5;6;6;7;7;7;7;5;6;7;1;2;1;57;5;2;2;0;372,727,272,727,273;466,666,666,666,667;3;7;6;566,666,666,666,667;6
486;215;5;2;2;6;6;4;4;5;6;6;5;5;5;5;5;6;4;6;6;6;4;6;4;4;5;4;4;4;4;4;5;3;1;20;2;2;2;0;518,181,818,181,818;3;5;4,25;6;466,666,666,666,667;4
403;9588;6;5;6;3;3;3;3;5;5;5;3;3;4;3;5;5;5;6;6;6;6;6;6;3;7;4;4;7;6;6;5;6;0;31;3;2;1;1;363,636,363,636,364;566,666,666,666,667;5;4,5;6;6;633,333,333,333,333
151;8678;7;6;6;4;2;1;2;4;5;5;3;4;5;4;4;2;2;4;4;4;4;4;4;4;5;5;6;4;4;4;4;3;0;60;5;2;1;1;354,545,454,545,455;633,333,333,333,333;266,666,666,666,667;5;4;4;4
555;7667;7;5;4;2;1;1;1;3;5;5;2;4;6;3;6;6;4;5;4;5;6;5;5;4;5;5;4;5;5;5;1;6;0;27;2;2;1;1;3;533,333,333,333,333;533,333,333,333,333;4,5;466,666,666,666,667;533,333,333,333,333;5
132;4654;7;6;6;7;5;4;3;5;5;6;4;6;4;5;3;4;2;2;2;3;4;3;4;4;6;4;5;5;4;4;5;3;0;56;5;2;1;1;490,909,090,909,091;633,333,333,333,333;3;4,75;233,333,333,333,333;366,666,666,666,667;433,333,333,333,333
228;3280;6;5;6;5;4;3;3;6;7;6;4;5;5;4;4;4;4;3;3;3;4;2;3;3;6;3;4;3;2;3;3;3;0;55;5;2;1;1;472,727,272,727,273;566,666,666,666,667;4;4;3;3;266,666,666,666,667
165;3069;5;4;4;5;5;4;3;5;6;6;4;5;6;4;4;4;4;4;4;4;4;4;4;4;4;4;4;4;5;5;5;6;0;30;2;2;1;1;481,818,181,818,182;433,333,333,333,333;4;4;4;4;466,666,666,666,667
327;1963;5;3;5;6;3;2;2;7;6;7;3;6;6;5;1;1;1;1;1;1;1;1;1;6;7;1;3;1;1;1;4;4;0;46;4;2;1;1;481,818,181,818,182;433,333,333,333,333;1;4,25;1;1;1
426;1781;7;7;7;6;3;5;3;5;5;7;3;5;5;5;4;4;4;4;4;4;6;4;4;3;7;3;1;5;3;2;2;4;0;51;5;2;1;1;472,727,272,727,273;7;4;3,5;4;466,666,666,666,667;333,333,333,333,333
31;1738;7;7;7;4;5;3;4;5;4;7;4;4;6;7;4;5;5;5;6;6;2;4;3;4;4;5;4;3;4;5;4;6;0;34;3;2;1;1;481,818,181,818,182;7;466,666,666,666,667;4,25;566,666,666,666,667;3;4
74;1545;6;6;6;4;4;4;3;6;4;6;3;5;4;4;7;7;6;4;6;5;7;6;6;7;7;6;6;7;7;7;5;6;0;44;4;2;1;1;427,272,727,272,727;6;666,666,666,666,667;6,5;5;633,333,333,333,333;7
483;1345;6;7;7;4;3;3;3;4;5;5;4;5;7;3;4;4;4;4;4;4;4;3;4;4;7;4;4;5;4;4;2;3;0;52;5;2;1;1;418,181,818,181,818;666,666,666,666,667;4;4,75;4;366,666,666,666,667;433,333,333,333,333
259;1337;6;4;3;6;4;2;2;6;4;6;2;7;6;2;4;2;2;3;3;3;4;3;4;5;7;3;5;6;4;3;2;6;0;46;4;2;1;1;427,272,727,272,727;433,333,333,333,333;266,666,666,666,667;5;3;366,666,666,666,667;433,333,333,333,333
508;1295;5;4;5;4;3;1;3;5;5;5;3;4;5;4;3;4;2;2;2;2;4;4;4;3;5;2;3;3;4;4;1;3;0;26;2;2;1;1;381,818,181,818,182;466,666,666,666,667;3;3,25;2;4;366,666,666,666,667
543;1144;7;6;5;5;3;2;5;5;5;5;3;3;4;3;5;4;2;4;3;3;4;4;4;6;7;5;4;5;4;4;3;3;0;43;4;2;1;1;390,909,090,909,091;6;366,666,666,666,667;5,5;333,333,333,333,333;4;433,333,333,333,333
215;1132;7;7;7;2;1;1;1;1;1;1;1;1;1;1;6;6;6;4;4;5;6;6;6;6;6;4;5;7;7;7;1;6;0;54;5;2;1;1;109,090,909,090,909;7;6;5,25;433,333,333,333,333;6;7
344;1073;6;6;6;5;3;3;4;5;7;6;4;5;7;4;7;7;7;6;6;6;6;6;6;3;6;4;4;5;5;6;4;6;0;34;3;2;1;1;481,818,181,818,182;6;7;4,25;6;6;533,333,333,333,333
345;1054;6;4;4;5;5;1;4;6;5;6;1;5;4;5;5;6;5;4;4;4;4;4;4;4;3;4;4;6;4;4;5;6;0;44;4;2;1;1;427,272,727,272,727;466,666,666,666,667;533,333,333,333,333;3,75;4;4;466,666,666,666,667
548;1007;5;7;6;3;5;3;3;7;6;7;1;4;3;3;4;5;4;2;4;4;4;4;5;4;4;4;4;4;3;4;1;6;0;43;4;2;1;1;409,090,909,090,909;6;433,333,333,333,333;4;333,333,333,333,333;433,333,333,333,333;366,666,666,666,667
585;968;1;7;3;7;3;1;1;7;7;7;7;7;7;1;1;1;1;7;1;1;1;1;1;1;7;1;7;1;1;1;1;3;0;28;2;2;1;1;5;366,666,666,666,667;1;4;3;1;1
470;923;5;5;5;4;3;3;3;3;5;5;3;2;6;4;4;4;4;5;5;4;4;4;4;4;5;4;3;4;4;4;1;3;0;67;7;2;1;1;372,727,272,727,273;5;4;4;466,666,666,666,667;4;4
91;897;6;6;5;2;4;3;3;5;5;4;3;4;4;3;7;7;7;6;6;6;6;6;6;6;6;6;6;6;6;6;4;6;0;63;6;2;1;1;363,636,363,636,364;566,666,666,666,667;7;6;6;6;6
381;885;5;3;4;4;3;3;4;5;4;5;3;4;4;4;5;5;5;5;4;4;4;3;4;5;7;5;5;5;4;4;5;6;0;62;6;2;1;1;390,909,090,909,091;4;5;5,5;433,333,333,333,333;366,666,666,666,667;433,333,333,333,333
76;874;7;7;7;1;3;4;2;4;7;5;3;5;6;5;7;7;7;7;7;7;7;7;7;7;7;6;7;7;7;7;4;3;0;67;7;2;1;1;409,090,909,090,909;7;7;6,75;7;7;7
522;864;5;4;5;4;3;3;3;4;3;5;4;5;4;4;3;3;3;3;4;3;3;4;4;5;7;4;6;7;4;4;1;5;0;36;3;2;1;1;381,818,181,818,182;466,666,666,666,667;3;5,5;333,333,333,333,333;366,666,666,666,667;5
503;860;6;6;6;3;2;3;4;6;7;5;3;4;7;4;5;5;4;3;4;4;3;4;5;3;6;3;7;4;4;4;1;6;0;39;3;2;1;1;436,363,636,363,636;6;466,666,666,666,667;4,75;366,666,666,666,667;4;4
430;850;6;6;6;4;4;4;3;4;4;5;4;5;4;4;6;6;6;4;4;4;5;5;5;5;6;6;6;5;5;5;4;1;0;45;4;2;1;1;409,090,909,090,909;6;6;5,75;4;5;5
559;831;7;7;7;1;7;1;1;1;7;7;1;7;7;1;2;5;1;7;7;7;7;7;7;7;7;7;7;7;7;7;1;1;0;23;2;2;1;1;372,727,272,727,273;7;266,666,666,666,667;7;7;7;7
495;826;5;6;5;6;4;2;1;6;6;6;4;4;3;6;1;1;1;2;2;2;2;2;2;2;6;1;2;3;3;2;1;2;0;53;5;2;1;1;436,363,636,363,636;533,333,333,333,333;1;2,75;2;2;266,666,666,666,667
409;825;4;5;3;5;2;2;2;5;4;5;3;3;3;3;6;6;5;4;4;4;5;4;4;4;6;3;4;5;4;4;1;2;0;24;2;2;1;1;336,363,636,363,636;4;566,666,666,666,667;4,25;4;433,333,333,333,333;433,333,333,333,333
87;825;5;5;5;4;4;3;4;5;5;5;3;4;4;4;6;5;5;5;5;5;4;4;5;4;5;5;5;6;5;5;3;3;0;34;3;2;1;1;409,090,909,090,909;5;533,333,333,333,333;4,75;5;433,333,333,333,333;533,333,333,333,333
519;809;4;4;3;4;3;3;3;3;3;3;4;6;4;3;3;2;2;3;3;4;3;3;3;3;6;3;6;2;2;2;3;4;0;27;2;2;1;1;354,545,454,545,455;366,666,666,666,667;233,333,333,333,333;4,5;333,333,333,333,333;3;2
320;773;4;4;4;4;3;1;2;1;5;2;2;2;2;2;4;4;4;4;4;4;4;4;4;4;5;4;4;4;4;4;1;3;0;57;5;2;1;1;236,363,636,363,636;4;4;4,25;4;4;4
81;761;6;6;6;6;5;5;4;6;6;6;6;6;6;6;5;6;6;4;4;4;5;4;4;4;6;5;4;3;3;4;4;3;0;64;6;2;1;1;563,636,363,636,364;6;566,666,666,666,667;4,75;4;433,333,333,333,333;333,333,333,333,333
335;756;2;4;4;7;7;7;7;7;7;7;7;7;7;7;1;1;1;1;1;1;1;1;1;1;7;1;7;1;1;1;1;3;0;44;4;2;1;1;7;333,333,333,333,333;1;4;1;1;1
544;752;4;4;4;4;4;4;4;4;4;4;4;4;4;5;2;2;2;3;3;3;3;3;3;3;3;3;3;3;3;3;1;2;0;56;5;2;1;1;409,090,909,090,909;4;2;3;3;3;3
337;726;6;6;6;5;4;5;6;6;6;6;6;6;6;6;1;1;1;4;4;4;1;1;1;1;7;1;7;1;1;1;1;4;0;45;4;2;1;1;563,636,363,636,364;6;1;4;4;1;1
311;725;5;5;5;5;5;4;4;4;4;4;4;4;4;5;6;6;6;5;5;5;5;5;5;5;5;5;4;5;5;5;4;6;0;51;5;2;1;1;427,272,727,272,727;5;6;4,75;5;5;5
390;723;5;6;5;4;3;2;2;5;5;5;3;3;5;2;5;4;5;2;3;3;4;5;5;4;6;5;5;6;3;2;3;6;0;36;3;2;1;1;354,545,454,545,455;533,333,333,333,333;466,666,666,666,667;5;266,666,666,666,667;466,666,666,666,667;366,666,666,666,667
509;711;6;5;4;5;4;4;5;3;5;5;4;5;5;4;5;5;5;2;2;2;3;3;3;3;5;3;6;4;3;3;3;3;0;67;7;2;1;1;445,454,545,454,545;5;5;4,25;2;3;333,333,333,333,333
201;700;3;3;3;5;4;2;5;5;5;5;5;6;6;4;1;1;1;2;2;2;3;2;2;2;7;1;1;3;1;1;3;4;0;44;4;2;1;1;472,727,272,727,273;3;1;2,75;2;233,333,333,333,333;166,666,666,666,667
123;690;7;7;7;2;2;2;2;2;3;3;4;4;4;4;7;7;7;6;7;7;7;7;7;7;7;7;5;7;7;7;4;2;0;46;4;2;1;1;290,909,090,909,091;7;7;6,5;666,666,666,666,667;7;7
529;682;6;5;5;3;2;2;3;3;3;3;3;3;4;4;6;6;6;5;5;5;6;6;6;5;7;5;7;5;5;5;1;6;0;49;4;2;1;1;3;533,333,333,333,333;6;6;5;6;5
435;668;5;2;3;5;4;3;5;5;4;5;4;5;5;4;5;6;5;5;4;4;4;4;4;6;7;7;6;2;2;2;1;6;0;46;4;2;1;1;445,454,545,454,545;333,333,333,333,333;533,333,333,333,333;6,5;433,333,333,333,333;4;2
523;660;7;7;7;5;4;4;4;7;7;7;4;5;6;4;7;7;6;4;4;4;4;4;5;4;7;7;7;7;7;7;2;5;0;61;6;2;1;1;518,181,818,181,818;7;666,666,666,666,667;6,25;4;433,333,333,333,333;7
580;658;6;5;4;2;2;2;3;3;5;3;1;2;7;2;7;7;7;7;5;7;5;7;5;3;3;3;3;5;4;4;3;5;0;24;2;2;1;1;290,909,090,909,091;5;7;3;633,333,333,333,333;566,666,666,666,667;433,333,333,333,333
537;655;5;3;3;6;6;6;4;5;7;7;6;3;5;5;6;6;6;4;5;5;6;7;6;6;6;6;5;6;6;7;1;4;0;19;2;2;1;1;545,454,545,454,545;366,666,666,666,667;6;5,75;466,666,666,666,667;633,333,333,333,333;633,333,333,333,333
28;652;5;7;6;4;1;1;3;5;3;5;2;3;5;4;3;3;3;4;4;4;3;2;2;4;7;3;7;3;3;3;2;3;0;39;3;2;1;1;327,272,727,272,727;6;3;5,25;4;233,333,333,333,333;3
13;645;5;5;5;5;4;4;3;6;4;6;3;4;4;4;4;5;4;4;4;4;4;4;4;4;6;4;4;4;4;4;3;4;0;65;6;2;1;1;427,272,727,272,727;5;433,333,333,333,333;4,5;4;4;4
395;638;6;6;6;3;4;2;3;6;6;5;3;5;5;4;6;6;6;4;5;5;6;5;6;4;6;5;4;7;6;5;4;6;0;60;5;2;1;1;418,181,818,181,818;6;6;4,75;466,666,666,666,667;566,666,666,666,667;6
104;636;5;5;5;5;5;5;5;5;5;5;5;5;5;5;7;7;7;5;5;5;5;5;5;5;5;6;7;5;7;6;1;3;0;62;6;2;1;1;5;5;7;5,75;5;5;6
273;634;7;7;6;5;6;3;3;6;5;6;5;5;6;3;6;5;4;4;4;5;5;5;5;5;6;5;5;5;5;5;3;3;0;64;6;2;1;1;481,818,181,818,182;666,666,666,666,667;5;5,25;433,333,333,333,333;5;5
553;632;7;7;7;5;3;2;4;4;6;5;2;4;4;4;7;6;6;7;7;7;6;6;6;6;6;6;6;6;6;6;4;3;0;59;5;2;1;1;390,909,090,909,091;7;633,333,333,333,333;6;7;6;6
364;632;7;7;7;2;2;1;2;6;6;6;2;5;4;4;7;7;6;5;5;5;6;6;6;4;6;4;4;6;6;6;1;3;0;61;6;2;1;1;363,636,363,636,364;7;666,666,666,666,667;4,5;5;6;6
71;628;4;4;4;4;4;4;4;5;5;5;4;4;5;4;5;5;4;4;5;5;5;4;5;4;7;4;7;7;5;4;1;4;0;34;3;2;1;1;436,363,636,363,636;4;466,666,666,666,667;5,5;466,666,666,666,667;466,666,666,666,667;533,333,333,333,333
210;623;7;7;7;4;1;1;1;5;4;5;4;4;4;5;1;4;1;4;3;1;1;1;1;1;7;1;7;1;1;1;4;3;0;54;5;2;1;1;345,454,545,454,545;7;2;4;266,666,666,666,667;1;1
255;617;2;3;3;5;4;4;7;7;7;7;4;7;7;4;3;4;4;3;3;3;3;1;4;5;7;5;7;4;4;4;2;2;0;42;4;2;1;1;572,727,272,727,273;266,666,666,666,667;366,666,666,666,667;6;3;266,666,666,666,667;4
493;605;6;3;6;4;3;3;4;5;4;5;4;5;4;4;3;2;3;3;3;3;5;4;4;5;5;5;4;4;4;4;5;6;0;54;5;2;1;1;409,090,909,090,909;5;266,666,666,666,667;4,75;3;433,333,333,333,333;4
284;603;7;6;6;7;1;1;1;1;3;6;1;5;7;5;7;7;7;1;1;1;7;7;7;7;7;7;1;7;6;6;3;3;0;64;6;2;1;1;345,454,545,454,545;633,333,333,333,333;7;5,5;1;7;633,333,333,333,333
449;600;6;5;5;2;3;2;3;3;5;4;4;4;5;4;7;6;5;6;6;6;6;6;6;7;7;7;6;7;7;7;5;6;0;60;5;2;1;1;354,545,454,545,455;533,333,333,333,333;6;6,75;6;6;7
346;588;7;7;7;6;4;4;4;3;3;3;3;6;6;4;4;4;4;5;5;5;4;4;4;6;6;2;7;6;4;4;3;3;0;71;7;2;1;1;418,181,818,181,818;7;4;5,25;5;4;466,666,666,666,667
355;571;5;5;5;4;4;4;4;5;5;5;5;5;5;5;5;4;4;4;4;4;4;4;4;4;5;4;4;4;4;4;1;4;0;53;5;2;1;1;463,636,363,636,364;5;433,333,333,333,333;4,25;4;4;4
300;551;7;7;7;4;4;4;4;5;5;5;3;5;5;3;4;3;4;5;5;5;1;3;2;5;7;1;7;5;3;4;3;6;0;61;6;2;1;1;427,272,727,272,727;7;366,666,666,666,667;5;5;2;4
420;545;4;3;3;3;3;2;2;6;6;6;2;6;4;2;3;4;2;1;1;2;4;3;3;6;7;4;6;5;3;4;1;6;0;31;3;2;1;1;381,818,181,818,182;333,333,333,333,333;3;5,75;133,333,333,333,333;333,333,333,333,333;4
54;543;2;3;2;6;2;2;6;6;6;7;1;7;7;7;1;1;3;2;2;3;1;1;2;6;7;1;7;1;1;1;1;3;0;29;2;2;1;1;518,181,818,181,818;233,333,333,333,333;166,666,666,666,667;5,25;233,333,333,333,333;133,333,333,333,333;1
294;538;7;7;7;5;4;5;5;4;5;5;3;4;4;4;6;6;5;5;6;5;6;5;5;5;6;6;6;5;6;6;1;3;0;55;5;2;1;1;436,363,636,363,636;7;566,666,666,666,667;5,75;533,333,333,333,333;533,333,333,333,333;566,666,666,666,667
240;534;7;7;7;4;3;3;3;3;4;4;4;4;4;4;3;2;2;2;4;4;2;2;3;2;7;1;1;3;3;2;1;5;0;40;3;2;1;1;363,636,363,636,364;7;233,333,333,333,333;2,75;333,333,333,333,333;233,333,333,333,333;266,666,666,666,667
180;525;6;6;6;2;3;1;2;3;3;2;1;1;4;2;4;4;4;2;2;2;2;3;2;5;6;5;3;2;2;2;4;3;0;63;6;2;1;1;218,181,818,181,818;6;4;4,75;2;233,333,333,333,333;2
538;519;7;7;6;2;2;2;2;2;3;3;3;3;2;3;5;5;5;7;6;6;6;5;5;5;6;4;3;4;5;5;4;4;0;66;7;2;1;1;245,454,545,454,545;666,666,666,666,667;5;4,5;633,333,333,333,333;533,333,333,333,333;466,666,666,666,667
219;511;5;4;4;2;4;4;5;5;5;5;4;6;7;7;6;5;5;4;4;4;3;4;5;5;6;5;5;6;5;5;2;6;0;57;5;2;1;1;490,909,090,909,091;433,333,333,333,333;533,333,333,333,333;5,25;4;4;533,333,333,333,333
264;510;7;6;6;1;2;1;2;6;6;4;2;2;7;2;6;6;6;6;5;5;6;6;6;4;5;5;4;6;5;5;2;6;0;55;5;2;1;1;318,181,818,181,818;633,333,333,333,333;6;4,5;533,333,333,333,333;6;533,333,333,333,333
7;508;2;2;1;4;6;4;4;4;5;3;3;6;5;4;1;2;1;1;1;1;1;1;1;6;7;4;1;1;1;1;4;2;0;43;4;2;1;1;436,363,636,363,636;166,666,666,666,667;133,333,333,333,333;4,5;1;1;1
256;506;6;6;6;3;4;3;4;5;5;6;3;6;6;6;5;4;4;3;3;4;2;3;4;4;6;3;4;3;2;2;4;3;0;59;5;2;1;1;463,636,363,636,364;6;433,333,333,333,333;4,25;333,333,333,333,333;3;233,333,333,333,333
515;504;5;5;5;5;4;5;5;5;5;5;5;5;5;5;5;5;5;5;5;5;5;5;5;5;5;5;5;7;7;7;1;3;0;55;5;2;1;1;490,909,090,909,091;5;5;5;5;5;7
136;502;6;6;6;4;4;2;2;6;5;6;2;4;4;4;4;4;5;4;5;5;5;4;5;5;5;5;4;5;4;4;3;3;0;70;7;2;1;1;390,909,090,909,091;6;433,333,333,333,333;4,75;466,666,666,666,667;466,666,666,666,667;433,333,333,333,333
269;493;7;7;7;1;4;1;2;2;5;5;3;4;7;4;7;7;7;7;7;7;7;7;7;7;4;7;7;7;7;7;5;6;0;64;6;2;1;1;345,454,545,454,545;7;7;6,25;7;7;7
162;485;7;7;7;4;4;4;4;4;4;2;2;2;4;2;7;7;7;6;6;6;6;7;7;7;7;7;5;6;6;6;4;2;0;64;6;2;1;1;327,272,727,272,727;7;7;6,5;6;666,666,666,666,667;6
411;476;7;7;7;4;5;1;1;1;1;1;1;1;1;1;4;4;4;4;4;4;4;4;4;4;4;4;4;4;4;4;1;3;0;42;4;2;1;1;163,636,363,636,364;7;4;4;4;4;4
321;474;4;4;4;4;4;4;4;4;4;4;4;4;4;4;7;7;7;4;4;4;4;4;4;4;4;7;7;4;4;4;2;2;0;36;3;2;1;1;4;4;7;5,5;4;4;4
288;472;1;3;3;7;5;1;1;6;5;7;2;6;4;3;1;1;1;3;3;3;3;5;3;3;4;4;4;4;3;5;5;3;0;21;2;2;1;1;427,272,727,272,727;233,333,333,333,333;1;3,75;3;366,666,666,666,667;4
436;464;4;5;4;4;4;4;4;4;4;5;5;5;5;5;4;4;4;4;4;4;4;3;4;3;5;4;4;4;4;4;1;4;0;58;5;2;1;1;445,454,545,454,545;433,333,333,333,333;4;4;4;366,666,666,666,667;4
212;460;7;7;7;2;1;1;1;4;1;5;3;5;3;4;7;7;7;7;7;7;7;7;7;7;7;7;7;7;7;7;3;6;0;65;6;2;1;1;272,727,272,727,273;7;7;7;7;7;7
521;459;7;6;6;2;2;1;1;1;1;1;1;1;1;1;7;7;7;6;7;7;6;6;6;7;7;7;7;7;7;7;2;3;0;29;2;2;1;1;118,181,818,181,818;633,333,333,333,333;7;7;666,666,666,666,667;6;7
184;455;2;3;2;1;1;2;4;1;2;2;2;4;3;2;5;2;2;3;2;2;3;2;2;1;6;3;7;5;5;2;5;3;0;56;5;2;1;1;218,181,818,181,818;233,333,333,333,333;3;4,25;233,333,333,333,333;233,333,333,333,333;4
229;454;6;6;6;2;1;1;1;1;3;4;2;5;6;2;6;6;6;4;4;4;6;5;6;5;5;5;5;5;5;5;2;6;0;45;4;2;1;1;254,545,454,545,455;6;6;5;4;566,666,666,666,667;5
562;452;5;3;3;3;2;1;1;2;3;5;3;5;4;6;4;5;5;3;3;3;5;5;5;5;5;5;7;5;5;5;1;3;0;30;2;2;1;1;318,181,818,181,818;366,666,666,666,667;466,666,666,666,667;5,5;3;5;5
463;445;5;5;5;4;3;3;4;5;5;5;3;5;4;3;6;5;6;4;4;4;5;5;5;4;5;5;5;5;4;4;3;6;0;64;6;2;1;1;4;5;566,666,666,666,667;4,75;4;5;433,333,333,333,333
164;443;5;7;7;6;6;4;5;5;7;7;7;7;7;4;1;1;1;1;1;1;1;1;1;1;7;1;1;1;1;1;3;3;0;36;3;2;1;1;590,909,090,909,091;633,333,333,333,333;1;2,5;1;1;1
541;439;3;3;3;3;3;2;6;6;6;6;2;6;6;6;5;1;3;3;6;2;3;2;4;5;6;4;4;2;2;2;4;3;0;30;2;2;1;1;472,727,272,727,273;3;3;4,75;366,666,666,666,667;3;2
292;439;4;4;4;5;5;5;5;5;5;5;5;6;6;5;4;3;3;4;4;4;4;4;4;4;7;2;7;7;1;1;5;3;0;42;4;2;1;1;518,181,818,181,818;4;333,333,333,333,333;5;4;4;3
289;437;6;6;6;1;1;1;1;1;1;1;1;1;1;1;1;1;1;4;3;2;1;1;1;1;7;1;1;1;1;1;4;3;0;57;5;2;1;1;1;6;1;2,5;3;1;1
253;437;7;7;7;2;2;2;2;2;2;2;2;2;2;2;7;7;7;6;6;6;6;6;6;6;6;6;7;6;6;6;4;2;0;60;5;2;1;1;2;7;7;6,25;6;6;6
485;437;7;6;6;2;3;1;1;3;3;6;2;6;3;2;6;2;6;4;4;5;6;5;3;3;7;6;7;6;6;6;1;3;0;37;3;2;1;1;290,909,090,909,091;633,333,333,333,333;466,666,666,666,667;5,75;433,333,333,333,333;466,666,666,666,667;6
554;416;7;7;7;6;4;2;2;6;5;7;3;4;4;4;2;4;1;4;1;4;1;1;1;1;7;1;7;4;1;1;1;2;0;61;6;2;1;1;427,272,727,272,727;7;233,333,333,333,333;4;3;1;2
424;415;7;7;7;4;4;3;3;6;4;7;4;4;4;4;4;4;4;4;4;4;4;1;4;4;7;4;4;4;4;4;3;3;0;76;7;2;1;1;427,272,727,272,727;7;4;4,75;4;3;4
590;395;4;3;3;5;4;4;4;5;5;6;6;5;5;5;1;1;2;3;2;2;1;1;1;1;6;5;7;4;3;1;3;3;0;39;3;2;1;1;490,909,090,909,091;333,333,333,333,333;133,333,333,333,333;4,75;233,333,333,333,333;1;266,666,666,666,667
1;392;6;7;6;4;4;3;4;4;4;5;3;3;5;4;5;5;6;6;6;6;6;6;6;7;7;7;5;6;7;5;2;5;0;46;4;2;1;1;390,909,090,909,091;633,333,333,333,333;533,333,333,333,333;6,5;6;6;6
587;385;5;5;5;3;1;1;2;4;5;5;1;3;2;1;4;6;6;4;4;3;2;3;3;3;7;2;1;4;2;2;3;4;0;32;3;2;1;1;254,545,454,545,455;5;533,333,333,333,333;3,25;366,666,666,666,667;266,666,666,666,667;266,666,666,666,667
556;382;4;4;3;5;4;3;3;5;5;5;3;4;5;4;3;3;4;3;3;3;4;3;3;3;6;4;5;3;3;3;1;3;0;20;2;2;1;1;418,181,818,181,818;366,666,666,666,667;333,333,333,333,333;4,5;3;333,333,333,333,333;3
48;376;7;7;6;1;1;1;1;2;4;4;4;4;4;4;6;6;4;5;5;5;5;3;4;5;5;5;4;4;4;4;1;4;0;28;2;2;1;1;272,727,272,727,273;666,666,666,666,667;533,333,333,333,333;4,75;5;4;4
198;375;5;6;6;4;4;4;4;4;4;4;4;4;4;4;3;2;3;4;4;4;4;4;4;4;4;4;4;4;4;4;2;3;0;26;2;2;1;1;4;566,666,666,666,667;266,666,666,666,667;4;4;4;4
226;375;7;7;7;1;1;1;1;1;1;1;1;1;1;1;6;4;4;4;4;4;5;5;5;5;5;4;4;5;5;5;2;3;0;52;5;2;1;1;1;7;466,666,666,666,667;4,5;4;5;5
347;356;5;6;6;4;4;3;3;5;5;5;3;4;4;4;2;1;2;4;6;4;4;4;4;6;7;2;7;2;2;2;1;3;0;59;5;2;1;1;4;566,666,666,666,667;166,666,666,666,667;5,5;466,666,666,666,667;4;2
61;346;5;4;4;5;4;3;3;4;5;7;3;4;3;4;3;5;2;4;3;3;4;3;3;5;7;6;3;4;3;3;4;6;0;45;4;2;1;1;409,090,909,090,909;433,333,333,333,333;333,333,333,333,333;5,25;333,333,333,333,333;333,333,333,333,333;333,333,333,333,333
571;340;7;7;7;4;3;3;3;4;4;5;5;4;4;4;6;6;7;5;6;5;6;6;6;5;5;6;6;6;6;5;1;3;0;55;5;2;1;1;390,909,090,909,091;7;633,333,333,333,333;5,5;533,333,333,333,333;6;566,666,666,666,667
126;331;6;6;6;6;6;6;6;6;6;6;6;6;6;6;6;6;6;6;6;6;6;6;6;6;6;6;6;6;6;6;4;5;0;51;5;2;1;1;6;6;6;6;6;6;6
80;327;7;7;7;4;2;1;3;6;4;6;2;5;4;2;7;5;7;7;7;7;7;7;7;7;7;7;6;7;7;7;3;6;0;60;5;2;1;1;354,545,454,545,455;7;633,333,333,333,333;6,75;7;7;7
442;313;4;4;4;4;4;4;4;4;4;4;4;4;4;4;1;1;1;3;2;2;2;2;2;2;2;1;1;1;1;1;1;3;0;36;3;2;1;1;4;4;1;1,5;233,333,333,333,333;2;1
190;309;4;2;4;5;4;2;6;6;6;6;4;5;5;4;3;2;3;3;3;2;2;2;3;6;5;2;1;1;1;1;2;6;0;25;2;2;1;1;481,818,181,818,182;333,333,333,333,333;266,666,666,666,667;3,5;266,666,666,666,667;233,333,333,333,333;1
447;308;5;6;6;4;4;5;5;5;5;5;5;5;4;5;6;5;5;5;6;5;5;5;6;5;6;6;5;5;5;6;4;3;0;51;5;2;1;1;472,727,272,727,273;566,666,666,666,667;533,333,333,333,333;5,5;533,333,333,333,333;533,333,333,333,333;533,333,333,333,333
167;303;4;4;5;4;3;4;4;4;5;4;4;4;3;4;4;3;3;4;3;3;4;4;4;4;4;3;3;5;4;4;3;4;0;43;4;2;1;1;390,909,090,909,091;433,333,333,333,333;333,333,333,333,333;3,5;333,333,333,333,333;4;433,333,333,333,333
462;297;6;6;5;5;5;6;5;5;5;5;5;5;5;5;6;6;6;5;5;5;5;5;5;5;5;5;5;5;5;5;2;3;0;20;2;2;1;1;509,090,909,090,909;566,666,666,666,667;6;5;5;5;5
330;295;7;7;7;3;2;2;4;3;5;4;2;4;4;4;7;5;5;4;4;4;7;7;7;7;7;6;5;6;7;7;3;6;0;47;4;2;1;1;336,363,636,363,636;7;566,666,666,666,667;6,25;4;7;666,666,666,666,667
265;294;5;4;5;6;5;5;6;6;5;5;4;5;6;5;5;4;5;5;6;5;5;5;5;5;4;5;5;5;4;4;4;6;0;38;3;2;1;1;527,272,727,272,727;466,666,666,666,667;466,666,666,666,667;4,75;533,333,333,333,333;5;433,333,333,333,333
408;289;4;5;3;5;3;6;5;3;3;6;3;6;5;3;3;6;2;4;3;6;3;5;3;2;4;3;3;2;6;2;1;5;0;24;2;2;1;1;436,363,636,363,636;4;366,666,666,666,667;3;433,333,333,333,333;366,666,666,666,667;333,333,333,333,333
271;287;4;5;4;5;5;5;4;4;4;5;5;5;5;5;1;1;2;3;3;3;3;3;3;3;6;2;1;1;2;2;1;3;0;34;3;2;1;1;472,727,272,727,273;433,333,333,333,333;133,333,333,333,333;3;3;3;166,666,666,666,667
363;287;4;4;4;4;4;4;4;4;4;4;4;4;4;4;4;4;4;4;4;4;4;4;4;4;4;4;4;4;4;4;2;4;0;36;3;2;1;1;4;4;4;4;4;4;4
303;286;4;7;7;7;4;4;7;7;7;7;7;7;7;7;1;1;1;1;1;1;4;1;1;1;7;1;1;1;1;1;1;3;0;20;2;2;1;1;645,454,545,454,545;6;1;2,5;1;2;1
557;282;4;4;4;7;7;7;7;7;7;7;7;7;7;7;4;4;4;1;1;1;1;1;1;1;7;1;1;1;1;1;3;6;0;22;2;2;1;1;7;4;4;2,5;1;1;1
224;278;4;4;4;4;4;4;4;4;4;4;4;4;4;4;4;4;4;4;4;4;4;4;4;4;4;5;4;4;4;4;2;3;0;36;3;2;1;1;4;4;4;4,25;4;4;4
496;252;5;5;5;3;3;3;3;3;3;3;3;3;3;3;6;6;4;5;5;5;5;5;5;5;5;4;4;4;4;5;3;2;0;24;2;2;1;1;3;5;533,333,333,333,333;4,5;5;5;433,333,333,333,333
30;251;7;7;7;6;5;5;5;5;4;3;6;6;6;6;5;6;6;5;5;5;5;4;5;5;5;5;5;6;5;5;5;4;0;30;2;2;1;1;518,181,818,181,818;7;566,666,666,666,667;5;5;466,666,666,666,667;533,333,333,333,333
152;216;6;6;5;4;4;4;4;4;4;4;4;4;4;4;7;7;7;6;5;6;6;6;5;3;3;4;4;4;4;4;1;3;0;45;4;2;1;1;4;566,666,666,666,667;7;3,5;566,666,666,666,667;566,666,666,666,667;4
116;200;5;5;5;4;4;4;4;4;4;4;4;4;4;4;4;4;4;4;4;4;4;4;4;4;4;4;4;4;4;4;1;3;0;58;5;2;1;1;4;5;4;4;4;4;4
561;7940;5;5;5;3;4;6;3;6;6;6;2;6;6;6;6;4;5;2;2;2;3;5;5;5;5;7;4;5;4;5;4;6;1;35;3;2;1;1;490,909,090,909,091;5;5;5,25;2;433,333,333,333,333;466,666,666,666,667
20;4506;5;4;4;2;2;3;3;5;6;5;3;6;7;4;4;4;4;3;3;3;3;3;3;1;7;1;7;2;1;2;3;3;1;38;3;2;1;1;418,181,818,181,818;433,333,333,333,333;4;4;3;3;166,666,666,666,667
178;3610;2;2;2;6;2;2;2;6;4;6;2;5;1;4;2;2;2;2;2;2;1;1;1;6;6;2;2;2;2;2;4;4;1;25;2;2;1;1;363,636,363,636,364;2;2;4;2;1;2
118;3148;5;5;5;5;5;5;5;5;5;5;5;5;5;5;5;1;1;1;1;1;1;1;1;4;7;1;1;1;1;1;5;6;1;53;5;2;1;1;5;5;233,333,333,333,333;3,25;1;1;1
359;3060;7;7;7;3;3;3;3;3;3;3;3;3;3;3;6;6;6;6;6;6;5;5;5;6;6;6;6;5;5;5;1;6;1;33;3;2;1;1;3;7;6;6;6;5;5
189;2897;5;4;5;4;3;3;3;4;4;4;2;5;3;3;5;5;5;5;5;3;5;5;5;5;5;5;5;5;4;5;3;6;1;26;2;2;1;1;345,454,545,454,545;466,666,666,666,667;5;5;433,333,333,333,333;5;466,666,666,666,667
223;2660;5;4;4;1;1;1;6;2;5;1;1;7;2;2;5;4;3;1;1;1;4;6;4;7;7;5;7;6;3;4;1;4;1;38;3;2;1;1;263,636,363,636,364;433,333,333,333,333;4;6,5;1;466,666,666,666,667;433,333,333,333,333
431;2303;6;6;5;3;1;1;2;3;3;3;2;3;3;2;5;5;5;5;5;5;4;4;4;4;4;4;4;5;5;5;3;2;1;64;6;2;1;1;236,363,636,363,636;566,666,666,666,667;5;4;5;4;5
218;2148;6;5;6;1;1;1;1;1;2;3;1;2;3;1;7;5;5;5;6;6;7;7;7;7;7;7;7;7;7;7;2;3;1;65;6;2;1;1;154,545,454,545,455;566,666,666,666,667;566,666,666,666,667;7;566,666,666,666,667;7;7
530;1360;6;6;6;2;2;2;2;3;6;6;2;6;6;5;7;7;7;7;7;7;7;7;7;7;4;7;7;7;7;7;4;4;1;40;3;2;1;1;381,818,181,818,182;6;7;6,25;7;7;7
3;1246;4;4;4;3;4;1;2;2;2;2;2;2;2;4;4;3;3;4;4;4;4;4;4;4;4;4;4;4;4;4;1;3;1;59;5;2;1;1;236,363,636,363,636;4;333,333,333,333,333;4;4;4;4
157;1214;6;6;6;4;3;3;2;5;5;4;3;4;3;5;6;5;5;5;6;5;5;5;6;5;6;4;5;5;5;5;4;4;1;27;2;2;1;1;372,727,272,727,273;6;533,333,333,333,333;5;533,333,333,333,333;533,333,333,333,333;5
407;1180;6;6;6;5;5;4;4;6;6;7;4;6;6;6;5;5;5;6;6;5;4;4;5;4;7;6;2;7;7;4;3;3;1;64;6;2;1;1;536,363,636,363,636;6;5;4,75;566,666,666,666,667;433,333,333,333,333;6
494;1148;5;6;4;4;3;3;4;5;3;4;2;4;6;4;6;5;6;6;6;6;6;4;6;6;6;5;7;6;6;6;4;6;1;30;2;2;1;1;381,818,181,818,182;5;566,666,666,666,667;6;6;533,333,333,333,333;6
422;1044;7;7;7;3;4;3;3;3;3;5;2;5;5;5;6;6;6;6;6;6;6;6;6;6;7;7;6;6;6;6;1;6;1;54;5;2;1;1;372,727,272,727,273;7;6;6,5;6;6;6
144;1009;7;7;7;2;4;2;3;5;5;5;2;4;5;5;6;5;6;4;5;5;6;6;6;5;7;4;4;6;5;4;1;3;1;70;7;2;1;1;381,818,181,818,182;7;566,666,666,666,667;5;466,666,666,666,667;6;5
362;992;6;7;7;5;4;4;3;5;5;6;5;5;5;5;6;6;6;6;6;6;6;6;6;6;7;6;7;6;6;7;1;4;1;77;7;2;1;1;472,727,272,727,273;666,666,666,666,667;6;6,5;6;6;633,333,333,333,333
491;973;3;5;4;3;2;1;3;2;5;3;2;2;4;3;6;6;5;6;6;6;6;6;6;6;7;6;5;6;6;6;1;2;1;65;6;2;1;1;272,727,272,727,273;4;566,666,666,666,667;6;6;6;6
316;965;5;5;5;4;3;3;3;4;5;6;3;5;3;5;6;5;5;6;5;6;6;6;6;6;6;6;6;6;6;6;5;6;1;31;3;2;1;1;4;5;533,333,333,333,333;6;566,666,666,666,667;6;6
438;851;5;5;5;6;3;2;3;5;6;5;2;5;6;3;5;4;4;5;4;5;5;2;5;5;6;5;3;5;5;4;5;3;1;50;4;2;1;1;418,181,818,181,818;5;433,333,333,333,333;4,75;466,666,666,666,667;4;466,666,666,666,667
51;822;6;6;6;5;4;4;3;6;5;6;4;5;5;4;6;6;3;4;5;6;7;6;6;6;7;6;7;6;6;6;1;2;1;54;5;2;1;1;463,636,363,636,364;6;5;6,5;5;633,333,333,333,333;6
427;810;6;6;6;4;3;4;3;5;5;5;3;4;6;3;6;5;5;5;5;5;6;5;5;6;7;5;6;5;6;6;1;3;1;56;5;2;1;1;409,090,909,090,909;6;533,333,333,333,333;6;5;533,333,333,333,333;566,666,666,666,667
296;809;7;7;6;5;5;4;5;7;7;7;6;7;7;6;7;6;7;6;6;7;6;6;7;6;7;6;7;6;6;6;5;3;1;63;6;2;1;1;6;666,666,666,666,667;666,666,666,666,667;6,5;633,333,333,333,333;633,333,333,333,333;6
43;739;6;6;6;4;3;3;2;6;5;6;4;4;4;4;4;4;4;4;4;4;4;4;4;4;7;1;7;5;4;4;3;6;1;68;7;2;1;1;409,090,909,090,909;6;4;4,75;4;4;433,333,333,333,333
349;727;4;5;5;2;3;3;4;5;4;5;4;5;4;4;4;5;4;4;3;4;5;4;5;4;6;4;3;5;4;4;1;6;1;37;3;2;1;1;390,909,090,909,091;466,666,666,666,667;433,333,333,333,333;4,25;366,666,666,666,667;466,666,666,666,667;433,333,333,333,333
461;723;7;7;7;4;2;6;5;4;4;5;3;4;5;5;5;6;6;6;6;6;6;7;7;5;5;6;6;6;6;6;3;6;1;65;6;2;1;1;427,272,727,272,727;7;566,666,666,666,667;5,5;6;666,666,666,666,667;6
122;710;7;6;7;3;4;2;1;5;5;5;1;5;4;4;7;7;7;7;7;7;6;7;7;7;7;6;6;7;7;7;1;6;1;62;6;2;1;1;354,545,454,545,455;666,666,666,666,667;7;6,5;7;666,666,666,666,667;7
341;680;1;1;1;6;4;4;4;7;4;7;4;7;7;6;1;1;1;1;1;1;1;1;1;7;7;7;4;1;1;1;1;6;1;22;2;2;1;1;545,454,545,454,545;1;1;6,25;1;1;1
451;670;4;3;3;3;3;2;3;3;7;5;2;6;4;3;6;5;5;6;6;6;6;6;6;4;6;4;5;5;5;5;1;6;1;43;4;2;1;1;372,727,272,727,273;333,333,333,333,333;533,333,333,333,333;4,75;6;6;5
536;662;7;6;6;1;3;2;1;6;6;6;2;2;6;6;7;7;7;7;7;7;7;6;6;7;7;7;7;7;7;7;5;6;1;30;2;2;1;1;372,727,272,727,273;633,333,333,333,333;7;7;7;633,333,333,333,333;7
111;656;4;4;4;5;5;2;5;6;5;6;2;6;6;4;3;3;4;4;4;4;4;4;4;7;7;6;5;5;4;4;3;6;1;36;3;2;1;1;472,727,272,727,273;4;333,333,333,333,333;6,25;4;4;433,333,333,333,333
484;654;7;7;7;5;4;4;4;5;3;5;4;5;6;5;7;7;7;4;5;5;6;6;6;6;6;6;6;6;7;7;1;3;1;59;5;2;1;1;454,545,454,545,455;7;7;6;466,666,666,666,667;6;666,666,666,666,667
350;652;7;7;7;1;4;3;3;7;5;5;3;4;5;4;7;7;7;7;6;6;6;6;6;6;6;6;6;6;6;7;3;3;1;60;5;2;1;1;4;7;7;6;633,333,333,333,333;6;633,333,333,333,333
147;641;3;4;4;5;3;3;4;5;4;5;4;6;5;4;3;4;4;3;4;4;3;3;3;4;6;4;3;4;3;3;1;6;1;43;4;2;1;1;436,363,636,363,636;366,666,666,666,667;366,666,666,666,667;4,25;366,666,666,666,667;3;333,333,333,333,333
361;640;7;7;7;5;3;2;2;5;5;6;3;5;3;3;7;6;6;7;7;7;7;7;7;7;7;7;6;7;7;7;3;4;1;29;2;2;1;1;381,818,181,818,182;7;633,333,333,333,333;6,75;7;7;7
191;632;5;5;4;4;4;3;4;6;5;5;4;4;5;5;4;4;4;4;4;4;5;5;5;4;6;5;4;5;4;5;4;5;1;45;4;2;1;1;445,454,545,454,545;466,666,666,666,667;4;4,75;4;5;466,666,666,666,667
466;623;6;6;6;4;4;2;4;7;7;7;4;7;7;4;7;7;7;6;6;6;7;7;6;7;7;7;7;6;6;6;3;4;1;54;5;2;1;1;518,181,818,181,818;6;7;7;6;666,666,666,666,667;6
429;614;7;7;7;4;4;4;4;6;6;6;4;6;6;6;7;7;4;7;7;7;7;7;7;7;7;7;7;7;7;7;4;3;1;62;6;2;1;1;509,090,909,090,909;7;6;7;7;7;7
525;596;5;7;7;4;2;2;3;3;3;3;3;3;4;3;7;4;4;4;1;1;1;7;7;1;1;1;7;1;1;1;1;3;1;56;5;2;1;1;3;633,333,333,333,333;5;2,5;2;5;1
6;581;6;6;6;4;3;3;3;4;3;4;2;3;3;2;7;6;6;6;6;6;6;6;6;6;6;6;4;7;7;7;5;6;1;45;4;2;1;1;309,090,909,090,909;6;633,333,333,333,333;5,5;6;6;7
579;579;5;4;4;4;3;2;3;5;5;6;3;4;5;3;6;2;1;5;4;5;6;5;6;5;7;7;6;6;5;5;3;3;1;41;4;2;1;1;390,909,090,909,091;433,333,333,333,333;3;6,25;466,666,666,666,667;566,666,666,666,667;533,333,333,333,333
516;548;7;7;7;1;1;1;5;1;1;1;1;1;1;1;7;7;7;6;6;7;7;7;7;7;7;6;6;7;6;6;1;6;1;42;4;2;1;1;136,363,636,363,636;7;7;6,5;633,333,333,333,333;7;633,333,333,333,333
2;527;6;6;6;6;2;2;4;4;5;6;4;5;4;4;3;2;2;2;4;3;4;2;3;4;6;5;2;2;2;2;3;2;1;53;5;2;1;1;418,181,818,181,818;6;233,333,333,333,333;4,25;3;3;2
487;525;5;5;5;7;2;3;5;7;7;7;5;6;3;5;4;4;4;4;4;4;3;2;3;7;7;7;7;7;4;4;5;4;1;46;4;2;1;1;518,181,818,181,818;5;4;7;4;266,666,666,666,667;5
99;522;7;7;7;2;4;2;4;5;6;6;3;6;4;3;7;7;7;7;6;7;7;7;7;7;7;7;7;7;7;7;4;3;1;64;6;2;1;1;409,090,909,090,909;7;7;7;666,666,666,666,667;7;7
440;522;7;7;7;2;3;2;3;6;6;7;3;6;5;3;7;7;7;6;7;7;7;7;7;7;7;7;6;7;7;7;4;6;1;58;5;2;1;1;418,181,818,181,818;7;7;6,75;666,666,666,666,667;7;7
342;509;7;7;6;4;6;5;3;5;6;3;4;3;4;6;7;7;7;6;6;6;5;7;7;7;7;7;7;7;7;7;2;2;1;39;3;2;1;1;445,454,545,454,545;666,666,666,666,667;7;7;6;633,333,333,333,333;7
323;507;4;5;5;4;5;4;5;6;6;7;5;6;5;4;4;4;4;3;4;4;4;3;4;4;6;4;6;6;6;4;1;2;1;38;3;2;1;1;518,181,818,181,818;466,666,666,666,667;4;5;366,666,666,666,667;366,666,666,666,667;533,333,333,333,333
567;495;6;6;7;3;4;5;3;5;6;6;3;3;6;3;7;6;7;6;3;6;7;7;7;7;4;6;5;6;6;7;1;1;1;18;2;2;1;1;427,272,727,272,727;633,333,333,333,333;666,666,666,666,667;5,5;5;7;633,333,333,333,333
234;479;4;3;4;4;4;4;4;4;4;4;4;4;4;4;5;5;5;5;5;5;4;4;4;4;4;4;4;5;5;5;1;1;1;43;4;2;1;1;4;366,666,666,666,667;5;4;5;4;5
168;465;6;6;6;5;4;5;4;4;5;4;5;5;5;4;6;5;4;5;5;4;5;5;5;5;6;6;5;6;5;6;1;4;1;41;4;2;1;1;454,545,454,545,455;6;5;5,5;466,666,666,666,667;5;566,666,666,666,667
209;459;5;5;5;4;4;4;4;4;4;4;4;4;4;4;4;4;4;4;4;4;4;4;4;4;4;4;4;4;4;4;1;3;1;33;3;2;1;1;4;5;4;4;4;4;4
46;458;6;6;6;4;3;2;2;5;5;6;4;4;4;4;6;6;6;5;5;5;5;4;5;5;5;5;5;5;5;5;1;3;1;41;4;2;1;1;390,909,090,909,091;6;6;5;5;466,666,666,666,667;5
400;455;7;7;7;4;4;2;4;5;6;5;2;4;6;4;6;6;6;6;6;6;5;6;5;6;7;5;1;5;5;5;4;6;1;69;7;2;1;1;418,181,818,181,818;7;6;4,75;6;533,333,333,333,333;5
158;440;4;3;2;5;6;6;5;7;6;6;3;5;6;6;4;4;4;4;3;4;4;2;4;3;5;4;5;4;4;3;3;5;1;30;2;2;1;1;554,545,454,545,455;3;4;4,25;366,666,666,666,667;333,333,333,333,333;366,666,666,666,667
182;436;7;7;6;5;2;1;2;5;6;6;1;3;7;5;5;4;2;4;3;3;5;4;5;3;7;4;5;2;3;4;5;5;1;28;2;2;1;1;390,909,090,909,091;666,666,666,666,667;366,666,666,666,667;4,75;333,333,333,333,333;466,666,666,666,667;3
95;433;6;6;6;5;5;4;5;4;5;4;5;5;6;6;4;4;5;3;4;4;5;3;4;4;4;4;4;4;4;3;1;3;1;60;5;2;1;1;490,909,090,909,091;6;433,333,333,333,333;4;366,666,666,666,667;4;366,666,666,666,667
155;430;4;5;5;4;3;2;3;5;6;5;2;4;6;4;6;6;6;5;6;6;6;7;7;7;7;7;7;6;7;7;2;6;1;62;6;2;1;1;4;466,666,666,666,667;6;7;566,666,666,666,667;666,666,666,666,667;666,666,666,666,667
383;421;5;5;5;4;3;3;5;6;5;6;4;5;4;5;6;6;6;5;5;5;5;5;5;4;6;4;5;6;6;6;2;6;1;41;4;2;1;1;454,545,454,545,455;5;6;4,75;5;5;6
490;420;5;2;6;3;2;1;1;2;6;3;1;5;2;2;4;5;4;6;6;6;5;4;6;5;4;5;5;5;5;5;5;6;1;36;3;2;1;1;254,545,454,545,455;433,333,333,333,333;433,333,333,333,333;4,75;6;5;5
287;411;4;4;4;4;4;4;3;4;4;4;3;4;4;4;5;5;5;5;4;4;5;4;5;4;5;5;5;5;5;5;1;5;1;31;3;2;1;1;381,818,181,818,182;4;5;4,75;433,333,333,333,333;466,666,666,666,667;5
307;399;5;5;5;4;5;4;4;4;5;6;3;4;5;5;6;6;5;5;6;5;5;6;6;6;7;6;6;6;6;6;5;6;1;27;2;2;1;1;445,454,545,454,545;5;566,666,666,666,667;6,25;533,333,333,333,333;566,666,666,666,667;6
434;398;3;3;3;7;6;6;7;7;6;7;6;6;7;6;1;1;1;4;3;1;1;1;1;6;1;6;2;1;1;1;1;6;1;47;4;2;1;1;645,454,545,454,545;3;1;3,75;266,666,666,666,667;1;1
248;398;3;4;4;3;2;2;3;4;4;4;3;4;4;3;5;4;3;5;5;5;4;4;4;5;6;5;6;5;5;5;3;3;1;41;4;2;1;1;327,272,727,272,727;366,666,666,666,667;4;5,5;5;4;5
334;392;6;6;5;5;5;5;5;5;5;5;5;5;5;5;6;6;6;6;6;6;5;6;6;6;5;6;2;6;4;6;1;6;1;66;7;2;1;1;5;566,666,666,666,667;6;4,75;6;566,666,666,666,667;533,333,333,333,333
25;387;6;6;6;4;4;5;4;5;4;6;4;4;5;4;7;6;6;5;5;5;6;6;6;5;5;5;5;6;6;6;4;6;1;46;4;2;1;1;445,454,545,454,545;6;633,333,333,333,333;5;5;6;6
161;377;1;1;1;6;4;5;5;5;5;5;4;4;5;4;1;2;1;1;1;1;1;1;1;1;6;3;3;1;1;1;1;3;1;33;3;2;1;1;472,727,272,727,273;1;133,333,333,333,333;3,25;1;1;1
511;377;3;2;1;6;2;2;3;5;5;6;3;3;6;4;1;2;3;2;3;2;1;1;2;1;7;1;7;1;1;1;3;3;1;24;2;2;1;1;409,090,909,090,909;2;2;4;233,333,333,333,333;133,333,333,333,333;1
113;371;5;5;5;4;4;4;4;3;5;5;3;5;5;4;6;6;6;5;5;5;5;5;5;5;5;5;6;5;5;6;1;6;1;61;6;2;1;1;418,181,818,181,818;5;6;5,25;5;5;533,333,333,333,333
179;361;7;6;6;3;5;3;4;6;5;7;3;4;5;3;7;7;7;7;7;7;7;7;7;6;6;7;6;7;7;7;2;4;1;59;5;2;1;1;436,363,636,363,636;633,333,333,333,333;7;6,25;7;7;7
149;350;7;5;5;2;2;2;1;2;1;3;1;3;2;2;7;4;4;6;5;6;6;4;4;7;7;7;4;6;4;4;4;3;1;37;3;2;1;1;190,909,090,909,091;566,666,666,666,667;5;6,25;566,666,666,666,667;466,666,666,666,667;466,666,666,666,667
108;348;5;4;3;4;5;3;5;5;4;3;4;5;5;4;5;5;4;4;6;3;4;5;6;4;3;6;5;5;4;3;2;6;1;56;5;2;1;1;427,272,727,272,727;4;466,666,666,666,667;4,5;433,333,333,333,333;5;4
58;348;6;4;4;5;4;4;5;4;4;5;4;5;4;5;6;6;6;5;5;5;5;5;5;5;5;5;5;5;5;5;2;6;1;51;5;2;1;1;445,454,545,454,545;466,666,666,666,667;6;5;5;5;5
396;347;4;3;3;4;4;5;5;6;6;6;5;6;5;5;5;5;5;5;5;5;5;5;5;5;5;5;5;5;5;5;3;3;1;26;2;2;1;1;518,181,818,181,818;333,333,333,333,333;5;5;5;5;5
421;346;5;5;5;4;5;4;4;4;4;4;4;4;4;4;4;4;4;4;4;4;4;4;4;4;4;4;4;4;4;4;1;3;1;43;4;2;1;1;409,090,909,090,909;5;4;4;4;4;4
455;344;6;5;5;6;6;6;6;6;7;6;6;6;6;7;4;7;5;5;5;5;5;2;2;4;7;1;7;1;1;1;4;6;1;40;3;2;1;1;618,181,818,181,818;533,333,333,333,333;533,333,333,333,333;4,75;5;3;1
171;344;6;6;5;5;6;5;5;5;6;5;6;5;6;6;6;6;5;6;6;5;6;6;6;6;6;6;5;6;6;5;1;6;1;29;2;2;1;1;545,454,545,454,545;566,666,666,666,667;566,666,666,666,667;5,75;566,666,666,666,667;6;566,666,666,666,667
148;342;5;4;5;6;5;4;4;6;7;7;4;5;6;4;2;3;4;1;2;2;1;1;1;5;7;1;1;1;1;1;1;5;1;37;3;2;1;1;527,272,727,272,727;466,666,666,666,667;3;3,5;166,666,666,666,667;1;1
246;330;6;6;6;4;4;4;4;4;4;5;4;4;4;4;6;6;6;5;5;5;5;5;5;5;5;5;5;5;5;5;3;3;1;54;5;2;1;1;409,090,909,090,909;6;6;5;5;5;5
410;330;7;7;4;3;1;2;3;5;7;7;2;4;5;3;7;7;7;7;7;7;7;7;7;7;7;7;7;7;7;7;5;6;1;30;2;2;1;1;381,818,181,818,182;6;7;7;7;7;7
358;329;4;4;4;4;4;4;4;4;4;4;4;4;4;4;4;4;4;4;4;4;4;4;4;4;4;4;4;4;4;4;2;3;1;20;2;2;1;1;4;4;4;4;4;4;4
517;329;7;7;7;7;7;7;7;7;7;7;7;7;7;7;7;7;7;7;7;7;7;7;7;7;7;7;7;7;7;7;4;3;1;32;3;2;1;1;7;7;7;7;7;7;7
17;324;6;1;3;7;1;2;7;6;6;6;3;7;7;1;6;5;4;2;3;3;5;6;5;6;7;6;6;6;5;6;5;6;1;37;3;2;1;1;481,818,181,818,182;333,333,333,333,333;5;6,25;266,666,666,666,667;533,333,333,333,333;566,666,666,666,667
129;322;7;6;6;3;3;2;3;5;6;6;4;5;4;4;7;7;7;7;6;6;6;6;6;6;6;6;5;6;6;6;5;6;1;61;6;2;1;1;409,090,909,090,909;633,333,333,333,333;7;5,75;633,333,333,333,333;6;6
441;314;7;7;7;4;4;2;2;6;5;7;2;3;4;2;7;6;6;6;7;6;6;7;7;4;4;5;4;7;7;7;1;4;1;45;4;2;1;1;372,727,272,727,273;7;633,333,333,333,333;4,25;633,333,333,333,333;666,666,666,666,667;7
220;312;6;6;6;6;6;4;3;5;5;4;4;4;5;5;4;4;4;5;4;4;4;4;4;4;4;4;4;4;4;4;2;2;1;59;5;2;1;1;463,636,363,636,364;6;4;4;433,333,333,333,333;4;4
502;308;7;7;7;6;6;6;5;6;5;5;3;3;6;5;7;6;6;7;7;7;7;7;7;7;7;7;1;7;7;7;4;6;1;64;6;2;1;1;509,090,909,090,909;7;633,333,333,333,333;5,5;7;7;7
443;304;5;5;5;4;4;4;4;4;4;4;4;4;4;4;6;6;6;5;5;5;5;5;5;5;5;5;5;5;5;5;1;6;1;36;3;2;1;1;4;5;6;5;5;5;5
185;303;6;6;5;4;3;3;2;4;5;4;2;4;4;3;7;6;6;6;6;6;6;7;6;5;6;4;3;6;6;6;1;3;1;53;5;2;1;1;345,454,545,454,545;566,666,666,666,667;633,333,333,333,333;4,5;6;633,333,333,333,333;6
130;297;5;5;5;6;4;5;4;5;5;6;4;5;5;5;5;5;5;5;5;5;5;5;5;2;3;3;3;5;5;5;4;4;1;59;5;2;1;1;490,909,090,909,091;5;5;2,75;5;5;5
150;290;6;6;5;4;4;3;3;5;4;5;3;5;5;4;6;5;6;4;4;5;4;5;5;5;4;4;5;4;5;5;5;6;1;44;4;2;1;1;409,090,909,090,909;566,666,666,666,667;566,666,666,666,667;4,5;433,333,333,333,333;466,666,666,666,667;466,666,666,666,667
39;289;5;4;4;4;4;4;4;4;4;4;4;4;4;4;4;4;4;4;4;4;4;4;4;4;4;4;4;4;4;4;1;5;1;34;3;2;1;1;4;433,333,333,333,333;4;4;4;4;4
317;287;7;7;7;4;3;2;2;4;5;3;2;3;3;2;4;4;4;4;4;4;4;4;4;4;4;4;7;4;4;4;5;6;1;38;3;2;1;1;3;7;4;4,75;4;4;4
586;282;6;5;5;5;5;5;5;5;5;5;5;5;5;5;7;6;6;6;6;5;4;5;4;4;5;4;5;5;4;5;2;2;1;21;2;2;1;1;5;533,333,333,333,333;633,333,333,333,333;4,5;566,666,666,666,667;433,333,333,333,333;466,666,666,666,667
353;275;5;4;4;5;4;3;3;5;5;5;4;4;5;4;5;5;4;4;4;4;4;4;4;5;6;5;5;5;4;4;5;6;1;44;4;2;1;1;427,272,727,272,727;433,333,333,333,333;466,666,666,666,667;5,25;4;4;433,333,333,333,333
222;264;2;3;1;5;6;4;4;5;7;5;4;6;7;7;1;2;2;1;2;2;2;1;1;1;7;1;1;1;1;1;1;1;1;18;2;2;1;1;545,454,545,454,545;2;166,666,666,666,667;2,5;166,666,666,666,667;133,333,333,333,333;1
35;259;5;4;4;7;5;5;7;6;6;6;5;5;5;5;6;5;5;5;5;5;5;5;5;3;7;5;3;5;4;4;1;4;1;46;4;2;1;1;563,636,363,636,364;433,333,333,333,333;533,333,333,333,333;4,5;5;5;433,333,333,333,333
92;249;7;7;7;4;1;6;7;7;7;7;7;7;7;4;7;7;7;4;4;4;7;4;7;1;7;1;1;7;7;7;1;3;1;61;6;2;1;1;581,818,181,818,182;7;7;2,5;4;6;7
413;248;7;7;7;1;1;1;1;1;1;1;1;1;1;1;7;7;7;7;7;7;7;7;7;7;7;7;7;7;7;7;5;6;1;54;5;2;1;1;1;7;7;7;7;7;7
170;233;2;4;3;7;5;4;4;4;4;4;4;4;4;4;1;1;1;3;3;3;4;1;1;1;7;1;7;1;1;1;1;6;1;56;5;2;1;1;436,363,636,363,636;3;1;4;3;2;1
207;228;5;6;5;5;6;4;3;5;6;6;7;4;5;4;6;4;6;5;6;4;5;7;4;4;6;6;4;7;6;5;1;3;1;54;5;2;1;1;5;533,333,333,333,333;533,333,333,333,333;5;5;533,333,333,333,333;6
107;220;6;3;3;2;2;2;2;2;2;3;3;2;2;2;6;6;6;5;5;5;6;6;5;6;6;6;6;6;6;6;3;6;1;29;2;2;1;1;218,181,818,181,818;4;6;6;5;566,666,666,666,667;6
388;203;5;4;4;4;4;4;4;4;4;4;4;4;4;4;5;5;5;5;4;4;4;4;4;4;4;4;4;4;4;4;4;6;1;52;5;2;1;1;4;433,333,333,333,333;5;4;433,333,333,333,333;4;4
312;313;4;4;4;4;4;4;3;4;4;4;4;4;4;4;3;5;4;4;4;4;4;4;4;4;4;4;4;4;4;4;4;3;0;18;2;1;2;0;390,909,090,909,091;4;4;4;4;4;4
302;686;7;7;7;4;2;3;4;5;5;6;3;4;5;3;7;7;7;6;6;6;7;6;6;6;6;7;7;6;6;7;2;3;1;57;5;1;2;0;4;7;7;6,5;6;633,333,333,333,333;633,333,333,333,333
488;1511;5;2;2;6;3;2;3;6;7;6;1;3;3;2;1;4;2;2;1;2;2;1;2;2;7;2;2;2;1;2;4;6;0;27;2;1;1;1;381,818,181,818,182;3;233,333,333,333,333;3,25;166,666,666,666,667;166,666,666,666,667;166,666,666,666,667
254;1099;5;5;5;3;2;2;5;3;4;5;3;4;3;2;5;5;4;4;1;2;1;3;1;4;5;4;4;4;2;2;5;4;0;41;4;1;1;1;327,272,727,272,727;5;466,666,666,666,667;4,25;233,333,333,333,333;166,666,666,666,667;266,666,666,666,667
196;1083;4;4;4;3;3;3;3;3;4;4;3;3;3;3;3;3;3;4;4;4;5;3;3;4;4;3;3;5;4;3;5;6;0;34;3;1;1;1;318,181,818,181,818;4;3;3,5;4;366,666,666,666,667;4
578;859;5;4;3;3;4;1;3;2;3;2;1;2;2;2;6;6;6;6;6;6;6;6;6;6;6;6;6;6;6;6;1;3;0;41;4;1;1;1;227,272,727,272,727;4;6;6;6;6;6
117;831;5;5;4;6;6;3;5;6;7;6;5;6;7;6;4;4;4;3;4;2;5;5;5;7;7;7;7;5;3;2;3;5;0;58;5;1;1;1;572,727,272,727,273;466,666,666,666,667;4;7;3;5;333,333,333,333,333
504;803;4;4;5;5;3;2;4;5;6;6;3;6;4;3;4;4;4;2;2;2;4;4;4;6;6;6;4;5;4;4;1;6;0;36;3;1;1;1;427,272,727,272,727;433,333,333,333,333;4;5,5;2;4;433,333,333,333,333
172;738;7;7;7;4;3;3;3;5;4;5;3;4;5;4;4;4;4;4;4;4;4;3;3;3;5;4;4;3;3;3;5;4;0;59;5;1;1;1;390,909,090,909,091;7;4;4;4;333,333,333,333,333;3
456;686;7;7;7;6;4;1;4;7;7;7;4;7;7;7;7;4;4;4;4;4;4;4;4;5;7;4;1;4;4;3;1;3;0;65;6;1;1;1;554,545,454,545,455;7;5;4,25;4;4;366,666,666,666,667
140;672;6;6;6;6;3;3;2;5;3;6;2;4;5;3;5;5;2;3;3;3;4;3;4;5;7;4;3;5;3;3;4;6;0;33;3;1;1;1;381,818,181,818,182;6;4;4,75;3;366,666,666,666,667;366,666,666,666,667
343;580;5;5;4;4;4;4;4;4;5;4;4;5;5;5;4;4;4;4;4;4;4;4;4;4;6;4;4;6;4;4;1;4;0;63;6;1;1;1;436,363,636,363,636;466,666,666,666,667;4;4,5;4;4;466,666,666,666,667
274;535;7;7;6;3;4;3;4;4;4;4;3;3;5;4;6;5;5;5;5;5;5;5;5;6;7;7;7;6;6;6;1;6;0;25;2;1;1;1;372,727,272,727,273;666,666,666,666,667;533,333,333,333,333;6,75;5;5;6
128;505;7;6;7;4;4;5;6;6;7;7;4;7;5;5;7;5;4;7;7;7;7;7;7;7;7;7;7;7;7;7;3;6;0;55;5;1;1;1;545,454,545,454,545;666,666,666,666,667;533,333,333,333,333;7;7;7;7
385;457;4;5;4;5;4;4;4;6;6;5;4;4;4;5;4;4;4;4;4;3;4;4;4;3;6;4;2;3;2;3;1;4;0;62;6;1;1;1;463,636,363,636,364;433,333,333,333,333;4;3,75;366,666,666,666,667;4;266,666,666,666,667
279;434;2;2;2;7;3;7;6;7;7;7;7;7;7;7;1;1;1;1;1;1;1;1;1;1;7;1;1;1;1;1;4;3;0;30;2;1;1;1;654,545,454,545,455;2;1;2,5;1;1;1
293;375;4;3;3;4;4;3;3;6;6;5;3;6;6;5;3;2;6;2;2;2;2;1;2;5;7;1;1;2;2;1;3;2;0;29;2;1;1;1;463,636,363,636,364;333,333,333,333,333;366,666,666,666,667;3,5;2;166,666,666,666,667;166,666,666,666,667
375;363;3;3;3;7;4;4;7;7;4;7;4;7;7;7;1;1;1;1;1;1;1;1;1;1;1;1;2;1;1;1;2;4;0;42;4;1;1;1;590,909,090,909,091;3;1;1,25;1;1;1
464;343;6;4;3;3;3;2;4;5;6;5;4;5;4;3;5;4;6;5;4;4;3;3;5;5;6;3;4;6;5;5;3;5;0;30;2;1;1;1;4;433,333,333,333,333;5;4,5;433,333,333,333,333;366,666,666,666,667;533,333,333,333,333
139;312;5;5;6;5;5;6;5;5;5;6;5;5;5;5;6;6;5;4;5;5;4;5;5;5;6;5;5;5;5;5;3;3;0;54;5;1;1;1;518,181,818,181,818;533,333,333,333,333;566,666,666,666,667;5,25;466,666,666,666,667;466,666,666,666,667;5
477;302;4;1;1;7;7;7;7;7;7;7;7;7;7;7;1;1;1;1;1;1;7;1;1;1;7;1;4;7;1;1;2;4;0;31;3;1;1;1;7;2;1;3,25;1;3;3
282;288;7;7;7;6;6;6;5;6;7;6;6;5;5;6;6;6;5;5;5;5;5;5;5;5;5;5;5;5;5;5;2;3;0;30;2;1;1;1;581,818,181,818,182;7;566,666,666,666,667;5;5;5;5
15;7713;3;3;3;4;4;7;6;3;6;4;5;4;5;5;4;5;6;6;6;4;4;4;4;4;4;5;6;4;4;4;4;3;1;26;2;1;1;1;481,818,181,818,182;3;5;4,75;533,333,333,333,333;4;4
38;5311;3;4;4;5;4;3;4;5;4;5;3;5;5;4;7;6;6;6;7;6;6;7;7;5;6;5;7;6;6;6;4;4;1;38;3;1;1;1;427,272,727,272,727;366,666,666,666,667;633,333,333,333,333;5,75;633,333,333,333,333;666,666,666,666,667;6
565;3876;7;6;7;6;4;2;2;6;6;7;2;2;4;3;7;7;7;7;7;6;7;7;7;7;3;6;6;7;7;7;5;3;1;29;2;1;1;1;4;666,666,666,666,667;7;5,5;666,666,666,666,667;7;7
267;2173;6;6;5;4;3;2;4;6;6;6;4;5;4;4;7;7;4;5;6;6;6;6;7;4;6;5;6;6;6;6;1;6;1;46;4;1;1;1;436,363,636,363,636;566,666,666,666,667;6;5,25;566,666,666,666,667;633,333,333,333,333;6
263;1654;7;6;6;3;4;3;2;3;3;2;2;5;2;2;6;4;4;5;5;5;4;6;5;5;6;5;3;5;5;6;4;2;1;65;6;1;1;1;281,818,181,818,182;633,333,333,333,333;466,666,666,666,667;4,75;5;5;533,333,333,333,333
404;993;7;6;6;2;3;2;4;4;6;5;2;5;4;4;6;7;6;6;6;6;6;6;6;6;6;6;6;6;6;6;2;3;1;63;6;1;1;1;372,727,272,727,273;633,333,333,333,333;633,333,333,333,333;6;6;6;6
373;976;7;7;6;5;5;3;3;5;7;6;4;5;5;4;7;7;7;5;6;6;6;6;6;6;6;7;7;7;7;7;3;6;1;59;5;1;1;1;472,727,272,727,273;666,666,666,666,667;7;6,5;566,666,666,666,667;6;7
552;953;3;3;3;4;2;2;4;5;6;5;2;3;6;4;6;5;4;4;3;3;2;1;5;3;6;4;6;2;2;2;2;5;1;23;2;1;1;1;390,909,090,909,091;3;5;4,75;333,333,333,333,333;266,666,666,666,667;2
366;811;6;5;4;4;4;4;4;6;6;6;4;5;4;4;7;7;7;6;6;6;6;6;6;6;6;6;6;6;6;6;3;6;1;59;5;1;1;1;463,636,363,636,364;5;7;6;6;6;6
66;793;6;4;2;5;2;2;3;5;6;6;2;4;5;5;6;4;4;4;4;3;4;3;5;4;6;3;4;5;4;3;2;6;1;43;4;1;1;1;409,090,909,090,909;4;466,666,666,666,667;4,25;366,666,666,666,667;4;4
374;769;4;4;4;7;1;1;1;4;7;7;1;4;7;4;1;1;4;2;2;2;1;1;1;1;7;1;7;1;1;1;1;5;1;34;3;1;1;1;4;4;2;4;2;1;1
448;750;5;4;3;3;3;3;3;4;5;4;3;4;4;4;6;5;4;4;4;4;4;4;4;3;6;4;4;4;3;4;3;6;1;35;3;1;1;1;363,636,363,636,364;4;5;4,25;4;4;366,666,666,666,667
573;715;4;2;2;6;6;4;4;4;7;7;4;4;7;2;4;2;4;1;1;1;1;1;1;1;7;4;7;4;2;2;3;3;1;24;2;1;1;1;5;266,666,666,666,667;333,333,333,333,333;4,75;1;1;266,666,666,666,667
550;706;7;5;5;5;3;3;5;5;7;7;5;5;5;6;7;7;7;7;7;7;7;7;7;7;4;7;7;7;7;7;2;3;1;62;6;1;1;1;509,090,909,090,909;566,666,666,666,667;7;6,25;7;7;7
472;525;7;7;7;1;1;1;1;1;1;1;1;1;1;1;7;7;7;5;4;4;7;7;7;7;7;7;7;7;7;7;3;2;1;55;5;1;1;1;1;7;7;7;433,333,333,333,333;7;7
174;509;5;3;4;7;5;4;3;6;6;7;6;6;7;6;4;3;2;1;1;1;2;2;2;1;3;1;1;1;1;1;4;3;1;32;3;1;1;1;572,727,272,727,273;4;3;1,5;1;2;1
372;479;6;6;6;5;6;5;5;4;6;6;6;7;5;5;6;6;2;6;6;6;6;6;6;6;6;6;7;7;7;7;3;3;1;63;6;1;1;1;545,454,545,454,545;6;466,666,666,666,667;6,25;6;6;7
415;412;2;2;2;2;1;1;5;3;7;4;2;6;6;3;3;4;3;3;4;4;4;1;3;5;7;4;7;3;1;2;4;6;1;53;5;1;1;1;363,636,363,636,364;2;333,333,333,333,333;5,75;366,666,666,666,667;266,666,666,666,667;2
439;410;7;5;5;3;2;1;1;1;2;2;2;2;3;1;7;6;6;7;7;7;7;7;7;7;6;7;6;6;7;7;1;6;1;43;4;1;1;1;181,818,181,818,182;566,666,666,666,667;633,333,333,333,333;6,5;7;7;666,666,666,666,667
34;377;4;4;5;7;3;1;2;7;4;6;2;5;6;2;2;1;2;2;2;2;2;1;1;7;7;5;7;5;2;2;1;6;1;29;2;1;1;1;409,090,909,090,909;433,333,333,333,333;166,666,666,666,667;6,5;2;133,333,333,333,333;3
55;366;7;7;7;7;7;7;7;7;7;7;7;7;7;7;7;7;7;7;7;7;7;7;7;7;7;7;7;7;7;7;4;3;1;36;3;1;1;1;7;7;7;7;7;7;7
524;341;6;6;5;5;5;5;5;5;5;5;5;5;5;5;4;4;4;4;4;4;4;4;4;4;4;4;4;4;4;4;3;6;1;35;3;1;1;1;5;566,666,666,666,667;4;4;4;4;4
437;326;6;6;6;6;6;6;6;6;6;6;6;6;6;6;6;6;6;6;6;6;6;6;6;6;6;6;6;6;6;6;1;3;1;59;5;1;1;1;6;6;6;6;6;6;6
581;318;6;4;3;4;4;4;2;6;4;6;4;4;6;4;6;6;6;6;6;6;4;6;6;6;6;6;5;6;6;6;1;3;1;20;2;1;1;1;436,363,636,363,636;433,333,333,333,333;6;5,75;6;533,333,333,333,333;6
18;310;6;4;6;2;2;2;2;4;6;5;1;1;2;3;7;6;1;6;6;6;6;7;6;6;5;5;6;7;7;7;4;6;1;34;3;1;1;1;272,727,272,727,273;533,333,333,333,333;466,666,666,666,667;5,5;6;633,333,333,333,333;7
322;297;4;4;4;4;4;4;4;4;4;4;4;4;4;4;4;4;4;4;4;4;4;4;4;4;4;4;4;4;4;4;3;3;1;34;3;1;1;1;4;4;4;4;4;4;4
114;274;6;4;4;4;4;4;4;4;4;4;5;4;3;5;2;4;4;4;4;4;4;4;5;4;4;4;4;4;4;4;3;4;1;55;6;1;1;1;409,090,909,090,909;466,666,666,666,667;333,333,333,333,333;4;4;433,333,333,333,333;4
134;247;5;5;5;4;4;4;4;4;4;4;4;4;4;4;4;4;4;4;4;4;4;4;4;4;4;4;4;4;4;4;1;6;1;35;3;1;1;1;4;5;4;4;4;4;4
